TSN,genus
69363,Placobdella
69375,Theromyzon
69380,Glossiphonia
69382,Marvinmeyeria
69384,Actinobdella
69388,Alboglossiphonia
69394,Oligobdella
69396,Helobdella
69416,Hirudo
69439,Dina
69444,Erpobdella
69449,Mooreobdella
69455,Nephelopsis
70305,Viviparus
70311,Campeloma
70328,Cipangopaludina
70333,Lioplax
70339,Tulotoma
70346,Valvata
70494,Hydrobia
70505,Probythinella
70509,Cincinnatia
70533,Marstonia
70603,Hoyia
70605,Fontigens
70633,Notogillia
70658,Pyrgulopsis
70666,Birgella
70702,Spilochlamys
70708,Stiobia
70712,Rhapinema
70717,Truncatella
70793,Bithynia
76477,Lanx
76484,Lymnaea
76525,Radix
76528,Pseudosuccinea
76530,Acella
76532,Bulimnaea
76534,Stagnicola
76566,Fisherola
76569,Ferrissia
76576,Laevapex
76580,Ancylus
76592,Gyraulus
76599,Helisoma
76621,Promenetus
76626,Menetus
76629,Planorbula
76632,Planorbis
76634,Amphigyra
76636,Biomphalaria
76639,Drepanotrema
76643,Micromenetus
76649,Neoplanorbis
76654,Planorbella
76673,Vorticifex
76677,Physa
76695,Aplexa
76698,Physella
76741,Stenophysa
81391,Sphaerium
81400,Pisidium
81427,Musculium
81436,Eupera
83122,Hydrachnidae
83688,Anostraca
83770,Lynceus
83781,Paralimnetis
83785,Lynceiopsis
92658,Asellus
92666,Lirceus
92667,Mancasellus
92686,Caecidotea
92780,Calasellus
92783,Remasellus
92785,Salmasellus
93773,Gammarus
93824,Metaceradocoides
93826,Metaceradocus
93836,Marinogammarus
93849,Parelasmopus
93857,Tabztzius
93859,Cheirocratus
93861,Stygobromus
93947,Synurella
93957,Bactrurus
94025,Hyalella
94028,Allorchestes
95081,Crangonyx
97337,Cambarus
97416,Faxonella
97421,Orconectes
97490,Procambarus
97603,Fallicambarus
97618,Cambarellus
97627,Distocambarus
97632,Barbicambarus
97634,Hobbseus
97641,Bouchardina
97643,Troglocambarus
99240,Podura
99547,Tullbergia
99579,Onychiurus
99639,Lophognathella
99641,Sensiphorura
99918,Hypogastrura
100051,Schaefferia
100060,Mesachorutes
100066,Triacanthella
100071,Microgastrura
100075,Stenogastrura
100077,Xenylla
100097,Acherontiella
100101,Willemia
100109,Tafallia
100114,Odontella
100128,Brachystomella
100135,Friesea
100155,Oudemansia
100158,Pseudachorutes
100181,Anurida
100207,Paranura
100214,Morulina
100226,Neanura
100756,Cloeon
100771,Pseudocloeon
100794,Heterocloeon
100800,Baetis
100801,Acentrella
100873,Centroptilum
100899,Paracloeodes
100903,Callibaetis
100936,Apobaetis
100938,Baetodes
100953,Siphlonurus
100979,Siphlonisca
100982,Parameletus
100994,Edmundsius
101468,Brachycercus
101478,Caenis
101510,Potamanthus
101597,Anax
101603,Aeshna
101633,Triacanthagyna
101634,Gomphaeschna
101637,Epiaeschna
101639,Coryphaeschna
101645,Boyeria
101648,Basiaeschna
101650,Gynacantha
101653,Nasiaeschna
101655,Oplonaeschna
101665,Gomphus
101666,Stylurus
101715,Aphylla
101718,Progomphus
101725,Erpetogomphus
101730,Dromogomphus
101734,Hagenius
101736,Octogomphus
101738,Ophiogomphus
101761,Stylogomphus
101765,Gomphoides
101766,Lanthus
101770,Arigomphus
101798,Pachydiplax
101800,Pantala
101803,Perithemis
101808,Plathemis
101811,Pseudoleon
101816,Tauriphila
101818,Tramea
101827,Williamsonia
101830,Brachymesia
101834,Brechmorhoga
101837,Cannaphila
101840,Celithemis
101851,Didymops
101854,Dorocordulia
101857,Dythemis
101865,Erythemis
101870,Erythrodiplax
101878,Helocordulia
101881,Ladona
101885,Leucorrhinia
101893,Libellula
101918,Macromia
101928,Macrothemis
101932,Nannothemis
101934,Neurocordulia
101941,Micrathyria
101945,Orthemis
101947,Somatochlora
101976,Sympetrum
102005,Tholymis
102006,Phyllothemis
102007,Macrodiplax
102009,Miathyria
102013,Idiataphe
102014,Cordulia
102016,Scapanea
102023,Crocothemis
102035,Epitheca
102048,Hetaerina
102052,Calopteryx
102059,Archilestes
102061,Lestes
102078,Ischnura
102093,Amphiagrion
102096,Telebasis
102100,Zoniagrion
102102,Enallagma
102133,Chromagrion
102135,Nehalennia
102139,Argia
102155,Coenagrion
103365,Ramphocorixa
103369,Sigara
103423,Trichocorixa
103444,Hesperocorixa
103464,Dasycorixa
103479,Corixa
103484,Corisella
103491,Palmacorixa
103501,Cenocorixa
103514,Callicorixa
103525,Cymatia
103529,Centrocorisa
103533,Morphocorixa
103541,Glaenocorisa
103547,Graptocorixa
103555,Neocorixa
103558,Notonecta
103583,Buenoa
103599,Martarega
103603,Neoplea
103608,Paraplea
103684,Belostoma
103699,Lethocerus
103703,Benacus
103717,Abedus
103748,Ranatra
103765,Nepa
103802,Rheumatobates
103811,Trepobates
103825,Halobates
103829,Gerris
103853,Limnogonus
103857,Metrobates
103872,Limnoporus
103881,Neogerris
103886,Rhagovelia
103900,Microvelia
103923,Paravelia
103931,Husseyella
103939,Hydrometra
103954,Mesovelia
103965,Hebrus
103983,Merragata
103986,Lipogomphus
104064,Chiloxanthus
104069,Pentacora
104077,Lampracanthia
104080,Salda
104093,Teloleuca
104097,Calacanthia
104100,Ioscytus
104111,Macrosaldula
104115,Micracanthia
104129,Rupisalda
104134,Saldoida
104140,Saldula
109202,Phenacoccus
109231,Cicindela
109235,Thalassotrechus
109238,Omophron
109308,Trechus
109353,Gehringia
109355,Metrius
109360,Pachyteles
109363,Carabus
109378,Calosoma
109419,Sphaeroderus
109426,Cychrus
109430,Scaphinotus
109481,Leistus
109485,Pelophila
109488,Nebria
109530,Opisthius
109532,Notiophilus
109548,Loricera
109552,Diacheila
109555,Blethisa
109561,Elaphrus
109577,Miscodera
109579,Broscodera
109581,Zacotus
109583,Morion
109586,Promecognathus
109589,Pasimachus
109602,Scarites
109609,Clivina
109636,Halocoryza
109638,Schizogenius
109660,Ardistomis
109667,Aspidoglossa
109673,Mioptachys
109675,Tachyta
109681,Elaphropus
109718,Tachys
109749,Porotachys
109751,Polyderis
109754,Micratopus
109757,Anillodes
109762,Anillinus
109775,Anillaspis
109778,Stylulus
109780,Phrypeus
109782,Asaphidion
109786,Bembidion
110102,Pogonistes
110104,Diplochaetus
110109,Perileptus
110111,Trechoblemus
110113,Pseudanophthalmus
110201,Nelsonites
110204,Neaphaenops
110206,Xenotrechus
110211,Darlingtonea
110213,Ameroduvalius
110215,Horologion
110217,Diplous
110222,Platidiolus
110224,Patrobus
110231,Platypatrobus
110233,Nomius
110235,Psydrus
110237,Sericoda
110242,Agonum
110371,Olisthopus
110378,Colpodes
110380,Platynus
110436,Anchonoderus
110439,Atranus
110441,Lachnophorus
110444,Euphorticus
110450,Myas
110453,Pterostichus
110695,Abax
110738,Pseudabarys
110740,Caelostomus
110742,Loxandrus
110809,Oxycrepis
110812,Synuchus
110818,Calathus
110842,Perigona
110847,Amara
110978,Amerinus
110982,Bradycellus
111038,Stenolophus
111104,Acupalpus
111125,Polpochila
111129,Pogonodaptus
111131,Pelmatellus
111139,Notiobia
111147,Xestonotus
111149,Anisodactylus
111185,Geopinus
111187,Amphasia
111190,Dicheirus
111196,Cratacanthus
111201,Euryderus
111203,Harpalus
111302,Hartonymus
111304,Harpalobrachys
111310,Trichotichnus
111314,Selenophorus
111369,Discoderus
111392,Stenomorphus
111396,Diplocheila
111405,Dicaelus
111418,Licinus
111420,Badister
111436,Chlaenius
111487,Oodes
111492,Stenocrepis
111505,Evolenes
111507,Dercylinus
111509,Panagaeus
111514,Micrixys
111516,Leptotrachelus
111520,Colliuris
111527,Pentagonica
111536,Tetragonoderus
111541,Masoreus
111544,Cymindis
111561,Apenes
111584,Phloeoxena
111588,Somotrichus
111590,Coptodera
111605,Infernophilus
111610,Eucaerus
111612,Euproctinus
111615,Cylindronotum
111617,Tecnophilus
111620,Plochionus
111625,Nemotarsus
111627,Lebia
111686,Dromius
111689,Apristus
111703,Axinopalpus
111715,Microlestes
111725,Pseudaptinus
111737,Zuphium
111743,Galerita
111755,Helluomorphoides
111765,Agra
111767,Pseudomorpha
111791,Brachinus
111854,Gynandropus
111858,Haliplus
111923,Peltodytes
111947,Brychius
111964,Anodocheilus
111966,Agabus
112068,Agabinus
112072,Agabetes
112074,Acilius
112081,Pachydrus
112086,Rhantus
112109,Thermonectus
112118,Dytiscus
112136,Celina
112145,Desmopachria
112153,Deronectes
112159,Derovatellus
112163,Eretes
112165,Graphoderus
112172,Hydaticus
112179,Hoperius
112181,Ilybius
112200,Hygrotus
112257,Hydrovatus
112268,Laccodytes
112270,Laccornis
112278,Laccophilus
112303,Matus
112308,Megadytes
112311,Neoscutopterus
112314,Oreodytes
112319,Bidessonotus
112322,Bidessus
112362,Brachyvatus
112364,Cybister
112371,Coptotomus
112379,Colymbetes
112390,Hydroporus
112561,Copelatus
112575,Uvarus
112580,Liodessus
112590,Neobidessus
112592,Deuteronectes
112595,Neoclypeodytes
112597,Hydrotrupes
112607,Suphisellus
112621,Notomicrus
112623,Hydrocanthus
112636,Suphis
112638,Mesonoterus
112640,Canthydrus
112654,Gyrinus
112706,Gyretes
112711,Dineutus
112735,Spanglerogyrus
112757,Hydraena
112768,Limnebius
112777,Ochthebius
112812,Berosus
112845,Chaetarthria
112858,Laccobius
112878,Anacaena
112890,Ametor
112893,Phaenonotum
112902,Pelosoma
112909,Paracymus
112931,Sperchopsis
112933,Sphaeridium
112938,Tropisternus
112973,Enochrus
113017,Cymbiodyta
113039,Cercyon
113087,Derallus
113091,Dactylosternum
113100,Cryptopleurum
113148,Helocombus
113150,Helochares
113152,Chasmogenus
113162,Helobata
113190,Hydrochara
113196,Hydrobius
113198,Hydramara
113204,Hydrophilus
113210,Megasternum
113216,Omicrus
113218,Bryobiota
113220,Crenitis
113234,Oosternum
113244,Hydrobiomorpha
113248,Oocyclus
113250,Phaenostoma
113252,Cyclotypus
113254,Heteryon
113258,Nitiduloides
113260,Deltostethus
113262,Cycrillum
113266,Liparocephalus
113269,Diaulota
113276,Amblopusa
113279,Thinusa
113282,Pontomalota
113292,Philonthus
113295,Piestus
113297,Thyreoxenus
113299,Xantholinus
113302,Belonuchus
113304,Bledius
113427,Cafius
113431,Homoeotarsus
113433,Oxytelus
113435,Perinthus
113438,Hadrotes
113440,Thinopinus
113442,Carpelimus
113564,Psephidonus
113576,Stenus
113756,Phytosus
113759,Bryothinusa
113761,Apharus
113763,Bythinoplectus
113765,Dalmonexus
113767,Euplectus
113769,Eurhexius
113771,Hamotus
113773,Neotyrus
113775,Thesium
113777,Thinobius
113811,Dasycerus
113827,Scaphidium
113925,Prionocyphon
113929,Scirtes
113939,Sarabandus
113941,Microcara
113943,Ora
113949,Contacyphon
113969,Elodes
113971,Sacodes
113988,Prionoscirtes
114095,Stenelmis
114126,Dubiraphia
114137,Lara
114142,Narpus
114146,Microcylloepus
114164,Cleptelmis
114167,Heterlimnius
114177,Optioservus
114193,Ancyronyx
114196,Ampumixis
114198,Rhizelmis
114200,Phanocerus
114205,Zaitzevia
114208,Cylloepus
114212,Macronychus
114216,Gonielmis
114223,Hexacylloepus
114232,Neoelmis
114235,Ordobrevia
114237,Heterelmis
114244,Oulimnius
114247,Limnius
114251,Atractelmis
114253,Neocylloepus
114255,Elmis
114258,Simsonia
114263,Neoheterocerus
114505,Acanthoscelides
114507,Bruchus
114510,Donacia
114541,Galerucella
114544,Neohaemonia
114546,Pyrrhalta
114564,Plateumaris
114577,Macroplea
114586,Entomoscelis
114588,Microtheca
114590,Prasocuris
114597,Gonioctena
114603,Miraces
114609,Yingaresca
114613,Agasicles
114615,Disonycha
114676,Phytobius
114677,Pnigodes
114681,Lissorhoptrus
114688,Lixellus
114690,Listronotus
114779,Bagous
114817,Chaetophloeus
114819,Rhynchophorus
114821,Emphyastes
114828,Cleonis
114838,Lixus
114871,Steremnius
114875,Auleutes
114890,Parenthis
114893,Platypus
114898,Hylurgopinus
114900,Alniphagus
114902,Conophthorus
114910,Dendroctonus
114925,Dryocoetes
114928,Hylastinus
114930,Hypocryphalus
114932,Hypothenemus
114936,Ips
114942,Phloeosinus
114944,Phloeotribus
114946,Scolytus
114954,Trypodendron
114956,Xylosandrus
115024,Chauliodes
115028,Nigronia
115033,Corydalus
115044,Orohermes
115046,Dysmicohermes
115048,Neohermes
115053,Protochauliodes
115060,Chloronia
115064,Platyneuromus
115086,Climacia
115090,Sisyra
115097,Rhyacophila
115221,Protoptila
115236,Culoptila
115243,Himalopsyche
115246,Matrioptila
115251,Catagapetus
115253,Electragapetus
115258,Wormaldia
115273,Chimarra
115319,Dolophilodes
115335,Psychomyia
115350,Tinodes
115361,Phylocentropus
115373,Cernotina
115388,Paduniella
115391,Lype
115395,Polyplectropus
115399,Diplectrona
115408,Cheumatopsyche
115453,Hydropsyche
115529,Arctopsyche
115542,Oropsyche
115544,Smicridea
115551,Potamyia
115556,Parapsyche
115566,Symphitopsyche
115570,Ceratopsyche
115603,Macrostemum
115605,Macronema
115618,Homoplectra
115625,Leptonema
115630,Leucotrichia
115635,Agraylea
115641,Hydroptila
115714,Ochrotrichia
115779,Oxyethira
115811,Mayatrichia
115817,Stactobiella
115823,Ithytrichia
115826,Dibusa
115828,Orthotrichia
115833,Neotrichia
115849,Palaeagapetus
115854,Zumatrichia
115861,Oligotricha
115868,Ptilostomis
115882,Agrypnia
115887,Fabria
115892,Phryganea
115900,Oligostomis
115903,Hagenella
115907,Cryptochia
115911,Banksiola
115922,Yphria
115925,Oligostomus
115935,Apatania
115956,Anabolia
115969,Allocosmoecus
115971,Philocasca
115972,Pedomoecus
115974,Psychoglypha
115989,Pseudostenophylax
115995,Hydatophylax
116001,Hesperophylax
116002,Platyphylax
116013,Clostoeca
116017,Chyranda
116023,Desmona
116025,Ecclisomyia
116030,Glyphopsyche
116039,Oligophlebodes
116046,Neophylax
116069,Limnephilus
116221,Asynarchus
116247,Arctopora
116253,Amphicosmoecus
116256,Chilostigma
116261,Chilostigmodes
116265,Dicosmoecus
116276,Clistoronia
116286,Homophylax
116295,Grensia
116298,Goeracea
116301,Goereilla
116303,Frenesia
116306,Halesochila
116309,Grammotaulius
116315,Onocosmoecus
116331,Farula
116340,Ecclisocosmoecus
116344,Manophylax
116345,Leptophylax
116347,Lepania
116349,Lenarchus
116379,Moselyana
116382,Ironoquia
116388,Neothremma
116394,Philarctus
116398,Phanocelia
116401,Rossiana
116402,Psychoronia
116407,Platycentropus
116409,Pycnopsyche
116423,Goera
116432,Nemotaulius
116433,Glyphotaelius
116438,Allomyia
116462,Goerita
116474,Molanna
116484,Molannodes
116490,Beraea
116497,Psilotreta
116514,Marilia
116520,Namamyia
116522,Nerophilus
116525,Parthina
116527,Pseudogoera
116530,Anisocentropus
116536,Ganonema
116537,Heteroplectron
116540,Phylloicus
116548,Setodes
116565,Triaenodes
116598,Mystacides
116607,Oecetis
116651,Nectopsyche
116677,Leptocerus
116684,Ceraclea
116685,Athripsodes
116794,Lepidostoma
116897,Theliopsyche
116906,Brachycentrus
116933,Amiocentrus
116956,Adicrophleps
116958,Micrasema
116971,Eobrachycentrus
116983,Agarodes
117003,Gumaga
117012,Fattigia
117016,Helicopsyche
117044,Polycentropus
117091,Cyrnellus
117095,Neureclipsis
117104,Nyctiophylax
117121,Agapetus
117154,Anagapetus
117159,Glossosoma
117223,Austrotinodes
117226,Atopsyche
117229,Xiphocentron
117642,Paraponyx
117654,Synclita
117659,Nymphula
117665,Elophila
117670,Langessa
117672,Munroessa
117682,Petrophila
117691,Diatraea
117693,Dichozoma
117695,Eoparargyractis
117697,Acentropus
117699,Schoenobius
117704,Chilo
117710,Occidentalia
117714,Parapoynx
117722,Chrysendeton
117727,Neocataclysta
117730,Ostrinia
117739,Perispasta
117741,Acentria
117743,Patissa
117751,Usingeriessa
117754,Oxyelophila
117756,Neargyractis
117758,Nymphuliella
117761,Oligostigmoides
117763,Contiger
117765,Undulambia
117769,Cosipara
117773,Rhodocantha
117775,Procymbopteryx
117777,Edia
117780,Cuneifrons
117782,Gyros
117786,Anatralata
117788,Eremanthe
117790,Metaxmeste
117792,Frechinia
117798,Metrea
117800,Carectocultus
117802,Rupela
117804,Sathria
117806,Psara
117809,Lypotigris
117811,Epina
117814,Urola
117816,Vaxi
117820,Microcrambus
117830,Thaumatopsis
117850,Bicilia
118842,Brachypremna
118845,Ctenophora
118861,Dolichopeza
118890,Holorusia
118894,Leptotarsus
118905,Megistocera
118908,Nephrotoma
119008,Prionocera
119037,Tipula
119635,Cylindrotoma
119641,Liogma
119645,Phalacrocera
119652,Triogma
119656,Antocha
119664,Dicranoptycha
119690,Helius
119697,Elliptera
119704,Limonia
120019,Orimarga
120028,Thaumastoptera
120031,Atarba
120037,Austrolimnophila
120049,Dactylolabis
120076,Elephantomyia
120081,Epiphragma
120094,Hexatoma
120164,Limnophila
120298,Paradelphomyia
120320,Phyllolabis
120335,Pilaria
120358,Polymera
120362,Prolimnophila
120365,Pseudolimnophila
120377,Shannonomyia
120387,Ulomorpha
120398,Arctoconopa
120420,Cheilotrichia
120458,Chionea
120480,Cladura
120488,Cryptolabis
120503,Erioptera
120622,Eugnophomyia
120626,Gnophomyia
120631,Gonempeda
120640,Gonomyia
120721,Gonomyopsis
120722,Gonomyodes
120732,Hesperoconopa
120745,Idiognophomyia
120749,Lipsothrix
120758,Molophilus
120821,Neocladura
120826,Neolimnophila
120830,Ormosia
120967,Phantolabis
120968,Rhabdomastix
121000,Sigmatomera
121003,Tasiocera
121012,Teucholabis
121020,Toxorhina
121024,Styringomyia
121027,Dicranota
121112,Nasiternella
121115,Ornithodes
121118,Pedicia
121222,Ula
125353,Trichomyia
125362,Lutzomyia
125389,Nemopalpus
125392,Maruina
125399,Telmatoscopus
125438,Brunettia
125443,Trichopsychoda
125446,Philosepedon
125459,Threticus
125467,Eurygarka
125468,Psychoda
125514,Pericoma
125553,Breviscapus
125810,Dixa
125854,Dixella
125873,Meringodixa
125888,Eucorethra
125893,Mochlonyx
125904,Chaoborus
125932,Toxorhynchites
125956,Anopheles
126089,Wyeomyia
126197,Limatus
126234,Aedes
126424,Coquillettidia
126429,Culiseta
126455,Culex
126518,Deinocerites
126523,Haemagogus
126527,Mansonia
126532,Orthopodomyia
126538,Psorophora
126575,Uranotaenia
126584,Trichoprosopon
126622,Johnbelkinia
127079,Leptoconops
127113,Atrichopogon
127152,Forcipomyia
127278,Dasyhelea
127340,Culicoides
127524,Paradasyhelea
127527,Allohelea
127533,Alluaudomyia
127548,Brachypogon
127558,Ceratoculicoides
127564,Ceratopogon
127571,Downeshelea
127573,Echinohelea
127575,Monohelea
127591,Parabezzia
127608,Rhynchohelea
127610,Schizohelea
127614,Serromyia
127619,Stilobezzia
127649,Clinohelea
127666,Heteromyia
127671,Neurobezzia
127674,Neurohelea
127680,Pellucidomyia
127684,Jenkinshelea
127693,Johannsenomyia
127699,Macropeza
127702,Mallochohelea
127720,Nilobezzia
127729,Probezzia
127761,Sphaeromias
127770,Paryphoconus
127772,Stenoxenus
127775,Amerohelea
127778,Bezzia
127855,Pachyhelea
127859,Palpomyia
127912,Phaenobezzia
127920,Telmatogeton
127942,Thalassomya
127954,Boreochlus
127962,Lasiodiamesa
127977,Paraboreochlus
127979,Trichotanypus
127987,Parochlus
127996,Clinotanypus
128010,Coelotanypus
128021,Apsectrotanypus
128026,Brundiniella
128034,Macropelopia
128048,Psectrotanypus
128067,Parapelopia
128070,Natarsia
128079,Ablabesmyia
128124,Arctopelopia
128126,Cantopelopia
128130,Conchapelopia
128161,Guttipelopia
128167,Hudsonimyia
128170,Krenopelopia
128173,Labrundinia
128183,Larsia
128199,Monopelopia
128202,Nilotanypus
128207,Paramerina
128215,Pentaneura
128226,Rheopelopia
128233,Telopelopia
128236,Thienemannimyia
128251,Trissopelopia
128257,Xenopelopia
128259,Zavrelimyia
128271,Djalmabatista
128277,Procladius
128324,Tanypus
128343,Boreoheptagyia
128352,Arctodiamesa
128355,Diamesa
128401,Pagastia
128408,Potthastia
128416,Pseudodiamesa
128423,Pseudokiefferiella
128426,Sympotthastia
128429,Syndiamesa
128431,Protanypus
128438,Compteromesa
128440,Monodiamesa
128446,Odontomesa
128452,Prodiamesa
128458,Abiskomyia
128460,Acamptocladius
128463,Acricotopus
128470,Antillocladius
128473,Apometriocnemus
128475,Baeoctenus
128477,Brillia
128488,Bryophaenocladius
128507,Camptocladius
128511,Cardiocladius
128520,Chaetocladius
128533,Chasmatonotus
128542,Clunio
128559,Compterosmittia
128563,Corynoneura
128575,Cricotopus
128670,Diplocladius
128673,Diplosmittia
128674,Doithrix
128680,Doncricotopus
128682,Epoicocladius
128686,Eretmoptera
128689,Eukiefferiella
128707,Euryhapsis
128712,Georthocladius
128718,Gymnometriocnemus
128725,Halocladius
128730,Heleniella
128734,Heterotanytarsus
128737,Heterotrissocladius
128750,Hydrobaenus
128771,Krenosmittia
128776,Limnophyes
128809,Lipurometriocnemus
128811,Lopescladius
128815,Mesocricotopus
128818,Mesosmittia
128821,Metriocnemus
128844,Nanocladius
128867,Oliveridia
128872,Oreadomyia
128874,Orthocladius
128951,Parachaetocladius
128956,Paracladius
128962,Paracricotopus
128968,Parakiefferiella
128976,Paralimnophyes
128978,Parametriocnemus
128989,Paraphaenocladius
129003,Parasmittia
129005,Paratrichocladius
129010,Paratrissocladius
129011,Parorthocladius
129013,Platysmittia
129016,Plhudsonia
129018,Psectrocladius
129052,Pseudorthocladius
129071,Pseudosmittia
129083,Psilometriocnemus
129086,Rheocricotopus
129107,Rheosmittia
129108,Saetheriella
129110,Smittia
129152,Stilocladius
129154,Sublettiella
129156,Symbiocladius
129161,Synorthocladius
129164,Tethymyia
129166,Thalassosmittia
129179,Thienemannia
129182,Thienemanniella
129194,Tokunagaia
129197,Tvetenia
129206,Unniella
129208,Xylotopus
129213,Zalutschia
129230,Acalcarella
129231,Asheum
129236,Axarus
129246,Beckidia
129249,Chernovskiia
129254,Chironomus
129350,Cladopelma
129368,Cryptochironomus
129394,Cryptotendipes
129405,Cyphomella
129412,Demeijerea
129421,Demicryptochironomus
129428,Dicrotendipes
129459,Einfeldia
129470,Endochironomus
129480,Gillotia
129483,Glyptotendipes
129506,Goeldichironomus
129515,Graceus
129516,Harnischia
129520,Hyporhygma
129522,Kiefferulus
129525,Lauterborniella
129531,Lipinella
129532,Microchironomus
129535,Microtendipes
129548,Nilothauma
129556,Omisus
129559,Oshia
129561,Pagastiella
129564,Parachironomus
129597,Paracladopelma
129616,Paralauterborniella
129623,Paratendipes
129637,Phaenopsectra
129657,Polypedilum
129730,Robackia
129735,Saetheria
129739,Sergentia
129743,Stelechomyia
129746,Stenochironomus
129785,Stictochironomus
129820,Tribelos
129834,Wirthiella
129837,Xenochironomus
129842,Xestochironomus
129845,Pontomyia
129851,Pseudochironomus
129873,Cladotanytarsus
129884,Constempellina
129887,Corynocera
129889,Krenopsectra
129890,Micropsectra
129932,Nimbocera
129934,Parapsectra
129935,Paratanytarsus
129952,Rheotanytarsus
129962,Stempellina
129969,Stempellinella
129975,Sublettea
129978,Tanytarsus
130038,Zavrelia
130040,Zavreliella
130042,Neozavrelia
130044,Synendotendipes
130046,Endotribelos
130048,Cryptocladopelma
130049,Microcricotopus
130050,Synoricotopus
130051,Prosmittia
130152,Inopus
130156,Actina
130160,Allognosta
130166,Beris
130179,Exodontha
130186,Artemita
130189,Berkshiria
130192,Borboridea
130195,Cactobia
130197,Chalcidomorphina
130199,Cosmariomyia
130202,Eidalimus
130207,Gowdeyana
130211,Neopachygaster
130217,Pachygaster
130222,Zabrachia
130242,Evaza
130245,Adoxomyia
130265,Cyphomyia
130274,Dicyphoma
130277,Dieuryneura
130282,Euryneura
130285,Chrysochlorina
130289,Hermetia
130311,Cephalochrysa
130322,Chloromyia
130325,Merosargus
130339,Microchrysa
130346,Ptecticus
130366,Sargus
130409,Caloparyphus
130436,Euparyphus
130461,Oxycera
130473,Myxosargus
130480,Nothomyia
130484,Anoplodonta
130488,Hedriodiscus
130513,Hoplitimyia
130573,Odontomyia
130627,Stratiomys
130688,Brachycara
130694,Nemotelus
130915,Glutops
130923,Pelecorhynchus
130924,Pseudoerinna
130937,Apatolestes
130955,Asaphomyia
130958,Brennania
130964,Esenbeckia
131022,Pegasomyia
131027,Stonemyia
131045,Goniops
131050,Zophina
131055,Merycomyia
131062,Silvius
131078,Chrysops
131230,Neochrysops
131234,Anacimas
131239,Bolbodimyia
131244,Catachlorops
131249,Chlorotabanus
131252,Dichelacera
131263,Diachlorus
131267,Holcopsis
131275,Lepiselaga
131282,Leucotabanus
131286,Microtabanus
131289,Stenotabanus
131310,Haematopota
131319,Poeciloderas
131321,Hybomitra
131476,Atylotus
131501,Agkistrocerus
131508,Hamatabanus
131520,Whitneyomyia
131527,Tabanus
135832,Anomalempis
135835,Brachystoma
135845,Boreodromia
135849,Clinocera
135869,Ceratempis
135871,Dolichocephala
135875,Heleodromia
135878,Niphogenia
135881,Oreothalia
135887,Proclinopyga
135893,Roederiodes
135901,Sabroskyella
135903,Trichoclinocera
135920,Wiedemannia
135928,Zanclotus
135931,Anthepiscopus
135941,Brochella
135943,Empis
136051,Hesperempis
136055,Hilara
136098,Iteaphila
136120,Philetus
136123,Rhamphomyia
136289,Toreus
136292,Chelipoda
136302,Phyllodromia
136305,Chelifera
136327,Hemerodromia
136347,Metachela
136352,Neoplasta
136356,Thanategia
136362,Apalocnemis
136365,Gloma
136369,Hormopeza
136377,Oreogeton
136390,Ragas
136826,Chrysosoma
136835,Condylostylus
136935,Mesorhaga
136952,Psilopiella
136956,Sciapus
136995,Neurigona
137047,Medetera
137137,Thrypticus
137160,Systenus
137169,Achalcus
137174,Xanthochlorus
137177,Enlinia
137187,Harmstonia
137191,Chrysotimus
137200,Micromorphus
137213,Nanomyina
137217,Neurigonella
137222,Peloropeodes
137243,Achradocera
137250,Argyra
137300,Asyndetus
137325,Chrysotus
137430,Diaphorus
137484,Keirosoma
137486,Nematoproctus
137497,Rhaphium
137621,Plagioneurus
137624,Sympycnidelphus
137629,Calyxochaetus
137632,Campsicnemus
137784,Lamprochromus
137788,Neoparentia
137791,Parasyntormon
137813,Sympycnus
137870,Syntormon
137896,Telmaturgus
137899,Teuchophorus
137904,Eurynogaster
137953,Dolichopus
138308,Gymnopternus
138399,Hercostomus
138443,Paraclius
138465,Pelastoneurus
138523,Tachytrechus
138577,Aphrosylus
138584,Diostracus
138587,Hydatostega
138606,Hydrophorus
138724,Hypocharassus
138729,Liancalus
138735,Melanderia
138741,Scellus
138756,Thinophilus
138786,Paraliancalus
138788,Paraphrosylus
138790,Sigmatineurum
139623,Microdon
139680,Mixogaster
139684,Rhopalosyrphus
139687,Baccha
139694,Leucopodella
139697,Melanostoma
139712,Platycheirus
139857,Xanthandrus
139860,Paragus
139872,Toxomerus
139910,Allograpta
139928,Chrysotoxum
139953,Dasysyrphus
139976,Didea
139981,Dideomima
139984,Doros
139987,Epistrophe
140019,Eriozona
140026,Eupeodes
140093,Leucozona
140100,Melangyna
140140,Meliscaeva
140144,Ocyptamus
140186,Parasyrphus
140227,Pseudodoros
140235,Salpingogaster
140240,Scaeva
140247,Sphaerophoria
140276,Syrphus
140303,Xanthogramma
140306,Ischiodon
140308,Megograpta
140312,Heringia
140372,Pipiza
140394,Trichopsomyia
140417,Chamaesyrphus
140418,Cheilosia
140586,Ferdinandea
140595,Hiatomyia
140633,Pelecocera
140640,Rhingia
140643,Copestylum
140723,Ornidia
140726,Volucella
140737,Callicera
140746,Pyritis
140750,Sericomyia
140779,Helophilus
140810,Lejops
140854,Mallota
140877,Parhelophilus
140897,Eristalinus
140904,Eristalis
140985,Meromacrus
140995,Palpada
141030,Brachyopa
141049,Chrysogaster
141058,Chrysosyrphus
141076,Lepidomyia
141079,Myolepta
141096,Neoascia
141115,Orthonevra
141151,Sphegina
141182,Ceriana
141232,Eumerus
141241,Merodon
141247,Nausigaster
141256,Psilota
141263,Criorhina
141287,Merapioidus
141289,Sphecomyia
141302,Blera
141340,Cynorhinella
141346,Lejota
141353,Pocota
141355,Somula
141359,Temnostomina
141360,Palumbia
141363,Pterallastes
141365,Temnostoma
141386,Milesiina
141387,Milesia
141397,Spilomyia
141416,Tropidina
141417,Syritta
141425,Tropidia
141441,Brachypalpus
141454,Chalcosyrphus
141526,Hadromyia
141541,Teuchocnemis
141546,Xylota
144657,Atrichomelina
144661,Colobaea
144663,Oidematops
144665,Pherbellia
144737,Pteromicra
144765,Sciomyza
144771,Antichaeta
144789,Dictya
144820,Dictyacium
144824,Elgiva
144829,Euthycera
144836,Hedria
144838,Hoplodictya
144848,Limnia
144878,Pherbecta
144880,Poecilographa
144883,Renocera
144894,Sepedomerus
144898,Sepedon
144918,Tetanocera
144964,Trypetoptera
146896,Allotrichoma
146912,Atissa
146921,Diphuia
146923,Glenanthe
146927,Hecamede
146931,Lipochaeta
146935,Pelignellus
146937,Schema
146940,Ptilomyia
146953,Nannodastia
146956,Diclasiopa
146961,Discocerina
146974,Ditrichophora
146993,Hecamedoides
146996,Hydrochasma
147006,Polytrichophora
147013,Hostis
147016,Clanoneurum
147018,Discomyza
147023,Athyroglossa
147036,Mosillus
147042,Placopsidella
147046,Platygymnopa
147048,Chlorichaeta
147051,Ceropsilopa
147060,Clasiopella
147062,Cressonomyia
147072,Helaeomyia
147075,Leptopsilopa
147086,Guttipsilopa
147091,Paratissa
147096,Psilopa
147107,Rhysophora
147109,Trimerina
147112,Trimerinoides
147117,Hydrellia
147184,Lemnaphila
147187,Ilythea
147192,Zeros
147202,Donaceus
147205,Notiphila
147271,Oedenops
147274,Paralimna
147283,Typopsilopa
147294,Gastrops
147298,Axysta
147303,Brachydeutera
147311,Hyadina
147323,Lytogaster
147339,Microlytogaster
147342,Pelina
147356,Pseudohyadina
147360,Ochthera
147378,Callinapaea
147383,Eutaenionotum
147388,Parydra
147439,Rhinonapaea
147443,Nostima
147456,Philygria
147467,Calocoenia
147472,Cirrula
147478,Coenia
147482,Dimecoenia
147486,Ephydra
147509,Paracoenia
147518,Setacera
147533,Lamproscatella
147549,Limnellia
147566,Philotelma
147568,Scatella
147597,Scatophila
147627,Apulvillus
147632,Neoscatella
150028,Muscina
150047,Synthesiomyia
150053,Azelia
150065,Drymeia
150113,Hydrotaea
150179,Potamia
150187,Thricops
150231,Eudasyphora
150234,Mesembrina
150239,Morellia
150249,Musca
150257,Neomyia
150267,Polietes
150274,Pyrellia
150276,Haematobia
150283,Haematobosca
150286,Stomoxys
150296,Atherigona
150301,Brontaea
150312,Helina
150469,Lophosceles
150480,Phaonia
150604,Plexiopsis
150607,Neomuscina
150620,Philornis
150626,Polietina
150633,Graphomya
150644,Hebecnema
150657,Mydaea
150717,Myospila
150723,Opsolasia
150730,Limnophora
150756,Lispe
150805,Lispoides
150808,Spilogona
151068,Tetramerinx
151078,Bithoracochaeta
151086,Caricea
151115,Coenosia
151237,Limnospila
151240,Macrorchis
151248,Neodexiopsis
151276,Pachyceramyia
151290,Pentacricia
151292,Pseudocoenosia
151303,Schoenomyza
153761,Pentarthrum
181177,Paltothemis
181186,Neoneura
181187,Hesperagrion
181193,Plea
181194,Curicta
181195,Velia
181197,Alisotrichia
181200,Pyrausta
181207,Anatopynia
185858,Prabhergia
185942,Aethiopella
185944,Setanodosa
185946,Stachia
186155,Blackburnia
186201,Drypta
186205,Endynomena
186207,Gnathaphanus
186209,Gnatholymnaeum
186218,Mecyclothorax
186362,Tefflus
186369,Typhlonesiotes
186382,Coelostoma
186384,Limnoxenus
186399,Aleochara
186401,Anotylus
186405,Atheta
186409,Clavilispinus
186411,Creophilus
186414,Cryptobium
186416,Ctenandropus
186417,Diestota
186447,Diochus
186448,Eudiestota
186450,Eusipalia
186452,Falagria
186454,Gabrius
186456,Holocorynus
186459,Homalota
186461,Lathrobium
186462,Leptacinus
186464,Leurocorynus
186466,Liophaena
186470,Lispinodes
186481,Lispinus
186483,Lithocharis
186486,Medon
186489,Myllaena
186501,Myrmecopora
186503,Nacaeus
186505,Nesomedon
186509,Oligota
186540,Ophiomedon
186543,Osorius
186545,Phacophallus
186547,Philothalpus
186549,Phlaeopora
186552,Platystethus
186554,Quedius
186557,Stiliderus
186558,Sunius
186560,Thoracophorus
186563,Thyreocephalus
186565,Xanthocorynus
186580,Scaphisoma
187739,Algarobius
187741,Callosobruchus
187746,Caryedon
187748,Lithraeus
187750,Megacerus
187752,Mimosestes
187758,Stator
187761,Zabrotes
187764,Brontispa
187766,Chaetocnema
187768,Chrysolina
187771,Diachus
187773,Epitrix
187776,Lema
187780,Megascelis
187782,Monoxia
187784,Octotoma
187786,Systena
187788,Uroplata
187807,Acalles
187830,Anaballus
187832,Anotheorus
187836,Anthonomus
187840,Athesapeuta
187842,Caulophilus
187844,Chaenosternum
187846,Cosmopolites
187850,Deinocossonus
187852,Derelomus
187853,Diocalandra
187857,Dolichotelus
187859,Dryophthorus
187877,Dryotribodes
187879,Dryotribus
187883,Dynatopechus
187888,Elytroteinus
187890,Euscepes
187895,Heteramphus
187908,Hypera
187910,Hypurus
187912,Listroderes
187914,Macrancylus
187916,Microlarinus
187919,Mitrastethus
187921,Myocalandra
187923,Nesotocus
187928,Nothoperissops
187930,Oodemas
187996,Orchidophilus
188001,Orothreptes
188003,Orthorhinus
188005,Otiorhynchus
188008,Oxydema
188016,Phloeophagosoma
188018,Pholidoforus
188020,Polytus
188022,Rhabdoscelus
188024,Rhinoncus
188026,Rhyncogonus
188063,Rhyncolus
188065,Sciopithes
188067,Scyphophorus
188070,Sibinia
188073,Sitona
188075,Sitophilus
188084,Sphenophorus
188089,Stenommatus
188091,Stenotrupis
188096,Sternochetus
188098,Syagrius
188100,Trachyphloeosoma
188121,Coccotrypes
188128,Cryphalus
188132,Euwallacea
188135,Ptilopodius
188137,Xyleborinus
188139,Xyleborus
193637,Gymnochthebius
193640,Neochthebius
193686,Agna
193736,Macrelmis
200893,Antonina
200897,Brevennia
200899,Chaetococcus
200901,Chlorococcus
200907,Chlorizococcus
200910,Clavicoccus
200913,Dysmicoccus
200917,Ferrisia
200920,Gallulacoccus
200922,Geococcus
200924,Laminicoccus
200926,Maconellicoccus
200928,Nesococcus
200930,Nesopedronia
200936,Nipaecoccus
200941,Ohiacoccus
200943,Palmicultor
200945,Phyllococcus
200948,Planococcus
200950,Pseudococcus
200966,Pseudotrionymus
200969,Rhizoecus
200973,Saccharicoccus
200975,Tomentocera
200977,Trionymus
200979,Tympanococcus
200994,Rhadine
202918,Allomelita
202919,Anamoera
202920,Anchialella
202921,Anelasmopus
202922,Animoceradocus
202923,Aurohornellia
202924,Bathyceradocus
202925,Beaudettia
206622,Procloeon
206639,Tyloderma
206646,Alotanypus
206647,Fittkauimyia
206655,Apedilum
206657,Beardius
542013,Baicalasellus
542036,Bragasellus
542074,Chthonasellus
542082,Conasellus
542148,Gallasellus
542220,Lirceolus
542288,Nipponasellus
542354,Phreatoasellus
542379,Proasellus
542398,Psammasellus
542434,Sibirasellus
542455,Synasellus
542478,Uenasellus
555637,Desserobdella
555639,Samea
567087,Pecosorbis
567142,Texapyrgus
568513,Denopelopia
568514,Thienemanniola
568546,Acerpenna
568547,Americabaetis
568548,Camelobaetidius
568549,Cloeodes
568550,Diphetor
568551,Fallceon
568552,Labiobaetis
568553,Plauditus
568554,Pseudocentroptiloides
568555,Amercaenis
568556,Cercobrachys
568559,Anthopotamus
568560,Barbaetis
568563,Moribaetis
568770,Holocentropus
568771,Chaetopteryx
568772,Notidobia
568773,Stenopsyche
568774,Silo
568775,Pycnocentria
568776,Plectrocnemia
568777,Eocosmoecus
568779,Ecnomus
568821,Cryophila
568825,Lioporeus
568826,Stictotarsus
568862,Poecilobdella
568863,Gloiobdella
568864,Haementeria
568877,Semiscolecides
568878,Motobdella
573085,Apterachalcus
573086,Scepastopyga
573087,Xanthina
573717,Cillenus
573811,Chaetogammarus
591729,Dicterias
591730,Heliocharis
591731,Chalcopteryx
591732,Chalcothore
591733,Cora
591734,Euthore
591735,Kalocora
591736,Miocora
591737,Polythore
591738,Stenocora
591739,Amphipteryx
591740,Rimanella
591741,Iridictyon
591742,Mnesarete
591743,Perilestes
591744,Perissolestes
591745,Phylolestes
591747,Allopodagrion
591748,Archaeopodagrion
591749,Dimeragrion
591750,Heteragrion
591751,Heteropodagrion
591752,Hypolestes
591753,Megapodagrion
591754,Mesagrion
591755,Neuragrion
591756,Oxystigma
591757,Paraphlebia
591758,Philogenia
591759,Sciotropis
591760,Thaumatoneura
591761,Anomisma
591762,Mecistogaster
591763,Megaloprepus
591764,Microstigma
591765,Pseudostigma
591766,Palaemnema
591767,Epipleoneura
591768,Epipotoneura
591769,Forcepsioneura
591770,Idioneura
591771,Junix
591772,Microneura
591773,Peristicta
591774,Phasmoneura
591775,Proneura
591776,Protoneura
591777,Psaironeura
591778,Roppaneura
591779,Acanthagrion
591780,Acanthallagma
591781,Aeolagrion
591782,Andinagrion
591783,Anisagrion
591784,Antiagrion
591785,Apanisagrion
591786,Calvertagrion
591787,Chrysobasis
591788,Cyanallagma
591789,Diceratobasis
591790,Enacantha
591791,Helveciagrion
591792,Homeoura
591793,Hylaeonympha
591794,Inpabasis
591795,Leptagrion
591796,Leptobasis
591797,Leucobasis
591798,Mesamphiagrion
591799,Mesoleptobasis
591800,Metaleptobasis
591801,Minagrion
591802,Neoerythromma
591803,Oxyagrion
591804,Oxyallagma
591805,Protallagma
591806,Skiallagma
591807,Telagrion
591808,Tigriagrion
591812,Allopetalia
591813,Andaeschna
591814,Castoraeschna
591815,Limnetron
591816,Neuraeschna
591817,Racenaeschna
591818,Remartinia
591819,Staurophlebia
591821,Agriogomphus
591822,Anomalophlebia
591823,Archaeogomphus
591824,Brasiliogomphus
591825,Cacoides
591826,Cyanogomphus
591827,Desmogomphus
591828,Diaphlebia
591829,Epigomphus
591830,Idiogomphoides
591831,Melanocacus
591832,Mitragomphus
591833,Neogomphus
591834,Perigomphus
591835,Peruviogomphus
591836,Phyllocycla
591837,Phyllogomphoides
591838,Praeviogomphus
591839,Tibiagomphus
591840,Zonophora
591842,Aeschnosoma
591843,Gomphomacromia
591844,Lauromacromia
591845,Navicordulia
591846,Neocordulia
591847,Paracordulia
591848,Rialla
591849,Santosia
591850,Anatya
591851,Antidythemis
591852,Argyrothemis
591853,Dasythemis
591854,Diastatops
591855,Edonis
591856,Elasmothemis
591857,Elga
591858,Fylgia
591859,Gynothemis
591860,Misagria
591861,Nephepeltia
591862,Nothodiplax
591863,Oligoclada
591864,Planiplax
591865,Rhodopygia
591866,Uracis
591867,Ypirangathemis
591868,Zenithoptera
598252,Dipseudopsis
598253,Limnoecetis
598254,Protodipseudopsis
598255,Hyalopsyche
598256,Hyalopsychella
598257,Ecnomina
598258,Parecnomina
598259,Psychomyiellodes
598260,Maesaipsyche
598261,Diplectronella
598262,Diplex
598263,Sciadorus
598264,Abacaria
598265,Aoteapsyche
598266,Austropsyche
598267,Caledopsyche
598268,Calosopsyche
598269,Herbertorossia
598270,Hydatomanicus
598271,Hydatopsyche
598272,Hydromanicus
598273,Hydronema
598274,Mexipsyche
598275,Orthopsyche
598276,Plectropsyche
598277,Sciops
598278,Streptopsyche
598279,Amphipsyche
598280,Baliomorpha
598281,Blepharopus
598282,Centromacronema
598283,Leptopsyche
598284,Oestropsyche
598285,Plectromacronema
598286,Protomacronema
598287,Pseudoleptonema
598288,Pseudomacronema
598289,Trichomacronema
598290,Aethaloptera
598292,Polymorphanisus
598293,Synoestropsis
598294,Asmicridea
598295,Smicrophylax
598296,Kambaitipsyche
598297,Adectophylax
598298,Antillopsyche
598299,Chilocentropus
598300,Cyrnodes
598301,Cyrnopsis
598302,Cyrnus
598303,Eodipseudopsis
598304,Eoneureclipsis
598305,Neucentropus
598306,Neurocentropus
598307,Pahamunaya
598308,Plectrocnemiella
598309,Tasmanoplegas
598310,Pseudoneureclipsis
598311,Padangpsyche
598312,Psychomyiella
598313,Zelandoptila
598314,Eutonella
598315,Proxiphocentron
598316,Abaria
598317,Cnodocentron
598318,Drepanocentron
598319,Machairocentron
598320,Melanotrichia
598321,Paulianodes
598322,Cabreraia
598323,Cryptobiosella
598324,Doloclanes
598325,Dolomyia
598326,Dolopsyche
598327,Edidiehlia
598328,Gunungiella
598329,Hydrobiosella
598330,Kisaura
598331,Neobiosella
598332,Philopotamus
598333,Xenobiosella
598334,Chimarrhodella
598335,Pseudostenopsyche
598336,Stenopsychodes
598337,Atriplectides
598338,Hughscottiella
598339,Leptodermatopteryx
598340,Neoatriplectides
598341,Ascalaphomerus
598342,Banyallarga
598343,Calamoceras
598344,Georgium
598346,Silvatares
598347,Indomolannodes
598348,Kokiria
598349,Mecynostomella
598350,Pangullia
598352,Tanjistomella
598353,Taskiria
598354,Taskiropsyche
598355,Achoropsyche
598356,Axiocerina
598357,Homilia
598358,Leptecho
598359,Leptoceriella
598360,Leptocerina
598361,Neoathripsodes
598362,Leptorussa
598363,Tagalopsyche
598364,Parasetodes
598365,Ptochoecetis
598366,Hemileptocerus
598367,Sericodes
598368,Trichosetodes
598369,Adicella
598371,Erotesis
598372,Ylodes
598373,Amphoropsyche
598374,Brachysetodes
598375,Poecilopsyche
598376,Russobex
598377,Atanatolica
598378,Grumichella
598379,Triplexa
598380,Condocerus
598381,Hudsonema
598382,Notalina
598383,Notoperata
598384,Lectrides
598385,Symphitoneuria
598386,Symphitoneurina
598387,Triplectides
598388,Triplectidina
598389,Triplexina
598390,Westriplectes
598391,Nietnerella
598392,Limnocentropus
598393,Barynema
598394,Barypenthus
598395,Inthanopsyche
598396,Lannapsyche
598397,Odontocerum
598398,Perissoneura
598399,Aphilorheithrus
598400,Austrheithrus
598401,Kosrheithrus
598402,Mystacopsyche
598403,Philorheithrus
598404,Psilopsyche
598405,Ramiheithrus
598406,Tasmanthrus
598407,Anomalopsyche
598408,Contulma
598409,Antipodoecia
598410,Barbarochthon
598411,Beraeamyia
598412,Beraeodes
598413,Beraeodina
598414,Ernodes
598415,Nippoberaea
598416,Notoernodes
598417,Alloecentrella
598418,Caenota
598419,Caloca
598420,Calocoides
598421,Pliocaloca
598422,Pycnocentrella
598423,Tamasia
598424,Chathamia
598425,Philanisus
598426,Beraeoptera
598427,Coenoria
598428,Confluens
598429,Conoesucus
598430,Costora
598431,Hampa
598432,Lingora
598433,Matasia
598434,Olinga
598435,Periwinkla
598436,Pycnocentrodes
598437,Alloecella
598438,Alloecentrellodes
598439,Austrocentrus
598440,Eosericostoma
598441,Helicopha
598442,Microthremma
598443,Pseudosericostoma
598444,Zelolessica
598445,Rakiura
598446,Hydrosalpinx
598447,Petrothrincus
598448,Aclosma
598449,Asahaya
598450,Aselas
598451,Cerasma
598452,Cheimacheramus
598453,Grumicha
598454,Myotrichia
598455,Notidobiella
598456,Oecismus
598457,Parasericostoma
598458,Petroplax
598459,Rhoizema
598460,Schizopelex
598461,Sericostoma
598462,Ceylanopsyche
598463,Karomana
598464,Mpuga
598465,Ngoya
598466,Seselpsyche
598467,Charadropsyche
598468,Tasiagma
598469,Tasimia
598470,Trichovespula
598471,Apataniana
598472,Apatidelia
598473,Baicalina
598474,Protobaicalina
598475,Baicalinella
598476,Baicaloides
598477,Pseudoradema
598478,Radema
598479,Thamastes
598480,Proradema
598481,Talgara
598482,Moropsyche
598483,Notania
598484,Dolichocentrus
598485,Hummeliella
598486,Archithremma
598487,Ashmira
598488,Gastrocentrella
598489,Gastrocentrides
598490,Lithax
598491,Silonella
598492,Larcasia
598493,Adinarthrella
598494,Adinarthrum
598495,Agoerodella
598496,Agoerodes
598497,Anacrunoecia
598498,Dinarthrella
598499,Dinarthrena
598500,Dinarthrodes
598501,Dinarthropsis
598502,Dinarthrum
598503,Dinomyia
598504,Eodinarthrum
598505,Goerodella
598506,Goerodes
598507,Goerodina
598508,Indocrunoecia
598509,Kodala
598510,Lasiocephala
598511,Maniconeura
598512,Mellomyia
598513,Neolepidostoma
598514,Neoseverinia
598515,Paradinarthrodes
598516,Paraphlegopteryx
598517,Ulmerodes
598518,Crunoecia
598519,Martynomyia
598520,Zephyropsyche
598521,Anomalocosmoecus
598522,Antarctoecia
598523,Archaeophylax
598524,Austrocosmoecus
598525,Evanophanes
598527,Metacosmoecus
598528,Monocosmoecus
598530,Nothopsyche
598531,Platycosmoecus
598532,Anomalopterygella
598533,Cryptothrix
598534,Drusus
598535,Ecclisopteryx
598536,Leptodrusus
598537,Metanoea
598538,Monocentra
598539,Annitella
598540,Badukiella
598541,Chaetopterna
598542,Chaetopteroides
598543,Chaetopterygopsis
598544,Kelgena
598545,Pseudopsilopteryx
598546,Psilopteryx
598547,Rizeiella
598548,Vareshiana
598549,Brachypsyche
598550,Chiloecia
598551,Pielus
598552,Rhadicoleptus
598553,Acrophylax
598554,Allogamus
598555,Anisogamodes
598556,Anisogamus
598557,Chionophylax
598558,Consorophylax
598559,Enoicyla
598560,Enoicylopsis
598561,Halesus
598562,Isogamus
598563,Leptotaulius
598564,Melampophylax
598565,Mesophylax
598566,Parachiona
598567,Potamophylax
598568,Psilopterna
598569,Stenophylax
598570,Lepnevaina
598571,Thermophylax
598572,Aplatyphylax
598573,Astenophylina
598574,Astratodina
598575,Phylostenax
598576,Sphagnophylax
598577,Oeconesus
598578,Pseudoeconesus
598579,Tarapsyche
598580,Tascuna
598581,Zelandopsyche
598582,Zepsyche
598583,Dyschimus
598584,Pisulia
598585,Liapota
598586,Nanoplectrus
598587,Plectrotarsus
598588,Thremma
598589,Sericostriata
598590,Uenoa
598591,Beothukus
598592,Eubasilissa
598593,Neurocyta
598594,Semblis
598595,Trichostegia
598596,Phryganopsyche
598598,Campsiophora
598599,Canoptila
598600,Cariboptila
598601,Cubanoptila
598602,Itauara
598603,Mastigoptila
598604,Merionoptila
598605,Mexitrichia
598606,Mortoniella
598607,Nepaloptila
598608,Padunia
598609,Poeciloptila
598610,Scotiotrichia
598611,Temburongpsyche
598612,Tolhuaca
598613,Acanthotrichia
598614,Acritoptila
598615,Austratrichia
598616,Cyclopsiella
598617,Dhatrichia
598618,Hellyethira
598619,Hydroptilina
598620,Microptila
598621,Missitrichia
598622,Mulgravia
598623,Paroxyethira
598624,Paucicalcaria
598625,Tangatrichia
598626,Tricholeiochiton
598627,Ugandatrichia
598628,Vietrichia
598629,Wlitrichia
598630,Xuthotrichia
598631,Abtrichia
598632,Acostatrichia
598633,Anchitrichia
598634,Ascotrichia
598635,Betrichia
598636,Cerasmatrichia
598637,Ceratotrichia
598638,Costatrichia
598639,Mejicanotrichia
598640,Peltopsyche
598641,Scelobotrichia
598642,Kumanskiella
598643,Taraxitrichia
598644,Metrichia
598645,Rhyacopsyche
598646,Bredinia
598647,Byrsopteryx
598648,Catoxyethira
598649,Celaenotrichia
598650,Chrysotrichia
598651,Flintiella
598652,Niuginitrichia
598653,Parastactobia
598654,Plethus
598655,Scelotrichia
598656,Stactobia
598657,Caledonotrichia
598658,Dicaminus
598659,Jabitrichia
598660,Macrostactobia
598661,Maydenoptila
598663,Orphninotrichia
598664,Ptilocolepus
598665,Allochorema
598666,Apsilochorema
598668,Isochorema
598669,Neopsilochorema
598670,Amphichorema
598671,Androchorema
598672,Atrachorema
598673,Australobiosis
598674,Austrochorema
598675,Cailloma
598676,Clavichorema
598677,Costachorema
598678,Edpercivalia
598679,Ethochorema
598680,Heterochorema
598681,Hydrobiosis
598682,Hydrochorema
598683,Iguazu
598684,Ipsebiosis
598685,Koetonga
598686,Megogata
598687,Metachorema
598688,Microchorema
598689,Neoatopsyche
598690,Neochorema
598691,Neurochorema
598692,Parachorema
598693,Poecilochorema
598694,Pomphochorema
598695,Pseudoradema
598696,Psilochorema
598697,Ptychobiosis
598698,Rheochorema
598699,Schajovskoya
598700,Stenochorema
598701,Synchorema
598702,Tanjilana
598703,Tanorus
598704,Taschorema
598705,Traillochorema
598706,Ulmerochorema
598707,Xanthochorema
598708,Allobiosis
598709,Moruya
598710,Psyllobetina
598711,Tiphobiosis
598712,Fansipangana
598713,Philocrena
598714,Agrypnetes
598715,Apatanodes
598716,Blyzophilus
598717,Gyrocarisa
598718,Metalype
598719,Nothotrichia
598720,Verger
609516,Varipes
609520,Guajirolus
609521,Mayobaetis
609992,Lyurella
609993,Palaeogammarus
609994,Stygonyx
616737,Mesocordylus
616738,Cactophagus
616739,Metamasius
616740,Rhodobaenus
616741,Neophycocoetes
616742,Curculio
616743,Campylirhynchus
616744,Acallodes
616745,Acalyptus
616746,Acamptus
616747,Acanthoscelidius
616748,Acentrinops
616749,Achrastenus
616750,Acmaegenius
616751,Acoptus
616753,Adaleres
616754,Agasphaerops
616755,Agraphus
616756,Agronus
616758,Amalus
616759,Amercedes
616760,Amotus
616761,Ampeloglypter
616762,Anacentrinus
616763,Anametis
616764,Anchitelus
616765,Anchonus
616766,Anthonomopsis
616767,Aphrastus
616768,Apleurus
616769,Apotrepus
616770,Apteromechus
616771,Aracanthus
616772,Aragnomus
616773,Archarias
616774,Artipus
616775,Atrichonotus
616776,Aulobaris
616777,Barilepis
616778,Barilepton
616779,Barinus
616780,Baris
616781,Barynotus
616782,Barypeithes
616783,Brachyogmus
616784,Brachysomus
616785,Brachystylus
616786,Bradyrhynchoides
616787,Buchananius
616788,Caecossonus
616789,Calandrinus
616790,Calles
616791,Callirhopalus
616792,Calomycterus
616793,Calyptillus
616794,Canistes
616795,Carphonotus
616796,Catapastus
616797,Centrinaspis
616798,Centrinites
616799,Centrinogyna
616800,Centrinopus
616801,Centrinus
616802,Cercopedius
616803,Cercopeus
616805,Ceutorhynchus
616806,Chaetechidius
616807,Chalcodermus
616808,Chaleponotus
616809,Chelonychus
616810,Cholinobaris
616811,Cimbocera
616812,Cionomimus
616813,Cionopsis
616814,Cionus
616815,Cleonidius
616816,Cnemogonus
616817,Coccotorus
616818,Colecerus
616819,Compsus
616820,Conotrachelus
616821,Cophes
616822,Copturus
616823,Cosmobaris
616824,Cossonus
616825,Craponius
616826,Crocidema
616827,Cryptolepidus
616828,Cryptorhynchus
616829,Cylindridia
616830,Cylindrocopturinus
616831,Cylindrocopturus
616832,Cyrtepistomus
616834,Desmoglyptus
616835,Diamimus
616836,Diaprepes
616837,Dichoxenus
616838,Dietzella
616839,Dietzianus
616840,Diorymeropsis
616841,Dirabius
616842,Dirotognathus
616843,Dorytomus
616844,Dysticheus
616845,Eisonyx
616846,Elassoptes
616847,Ellescus
616848,Epacalles
616849,Ephelops
616850,Epicaerus
616851,Epimechus
616852,Episcirrus
616853,Ericydeus
616854,Eubrychius
616855,Eubulus
616856,Eucilinus
616857,Eucoptus
616858,Eucyllus
616859,Eudiagogus
616860,Eudociminus
616861,Euhrychiopsis
616862,Eulechriops
616863,Eurhoptus
616864,Evotus
616865,Faustinus
616866,Gastrotaphrus
616867,Geoderces
616868,Geodercodes
616869,Geraeus
616870,Gerstaeckeria
616872,Glaphyrometopus
616873,Glyptobaris
616874,Gononotus
616875,Graphognathus
616876,Graphorhinus
616878,Gymnetron
616879,Hadromeropsis
616880,Haplostethops
616881,Heilipus
616882,Hesperobaris
616883,Hexarthrum
616884,Hilipinus
616885,Himatium
616886,Hohonus
616887,Homorosoma
616888,Hormops
616889,Hormorus
616890,Huaca
616891,Hylobius
616892,Hypocoeliodes
616893,Hypoleschus
616894,Idiostethus
616895,Isodacrys
616896,Laemosaccus
616897,Larinus
616898,Lechriops
616899,Lembodes
616900,Lepesoma
616901,Lepidophorus
616902,Leptopinara
616903,Lepyrus
616904,Lignyodes
616905,Liometophilus
616906,Liophloeus
616907,Lupinocolus
616908,Lymantes
616909,Macrorhoptus
616910,Madarellus
616911,Maemactes
616912,Magdalinops
616913,Magdalis
616914,Mecinus
616915,Melanolemma
616916,Menoetius
616917,Mesagroicus
616918,Mesites
616919,Metopotoma
616920,Miarus
616921,Micralcinus
616922,Microbaris
616923,Microcholus
616924,Microhyus
616925,Micromastus
616926,Micromimus
616927,Micromyrmex
616928,Miloderes
616929,Miloderoides
616930,Minyomerus
616931,Mitostylus
616932,Mononychus
616933,Myllocerus
616934,Myrmex
616935,Nanops
616936,Nanus
616937,Narberdia
616938,Nedyus
616940,Neoerethistes
616941,Neomastix
616942,Neophytobius
616943,Neoptochus
616944,Neoulosomus
616945,Nicentrus
616947,Notolomus
616948,Nyssonotus
616949,Ochyromera
616950,Odontocorynus
616951,Odontopus
616952,Oligolochus
616953,Omias
616954,Omileus
616955,Onychobaris
616956,Oomorphidius
616957,Oopterinus
616958,Ophryastes
616959,Orimodema
616960,Orthognathus
616961,Orthoptochus
616962,Orthoris
616963,Pachnaeus
616964,Pachybaris
616965,Pachygeraeus
616966,Pachylobius
616967,Pachyrhinus
616968,Pachytychius
616969,Pactorrhinus
616970,Pandeleteinus
616971,Pandeleteius
616972,Panscopus
616973,Pantomorus
616974,Paracamptus
616975,Paracimbocera
616976,Paragraphus
616977,Paranametis
616978,Paraptochus
616979,Pelenosomus
616980,Peltophorus
616981,Pentarthrinus
616982,Peracalles
616983,Perigaster
616984,Peritaxia
616985,Peritelinus
616986,Peritelodes
616987,Peritelopsis
616988,Pheloconus
616989,Philopedon
616990,Phloeophagus
616991,Phrydiuchus
616992,Phyllobius
616993,Phyllotrox
616994,Phyrdenus
616995,Phyxelis
616996,Piazorhinus
616997,Piscatopus
616998,Pissodes
616999,Plesiobaris
617000,Plinthodes
617001,Plocamus
617002,Plocetes
617003,Polydacrys
617004,Polydrusus
617005,Poophagus
617007,Proctorus
617008,Promecotarsus
617009,Pselactus
617010,Pseudanthonomus
617011,Pseudoacalles
617012,Pseudobaris
617013,Pseudocentrinus
617014,Pseudocercopeus
617015,Pseudocyphus
617016,Pseudomopsis
617017,Pseudomus
617018,Pseudopentarthrum
617019,Pseudorimus
617020,Psomus
617021,Pycnobaris
617022,Pycnogeraeus
617023,Rhamphocolus
617024,Rhigopsis
617025,Rhinanisus
617026,Rhinocyllus
617027,Rhoptobaris
617028,Rhynchus
617029,Rhypodillus
617030,Rhyssomatus
617031,Rileyonymus
617032,Rutidosoma
617033,Rynchaenus
617034,Sapotes
617036,Sciaphilus
617037,Sibariops
617038,Sicoderus
617039,Sirocalodes
617040,Smicraulax
617041,Smicronyx
617042,Stamoderes
617043,Stenancylus
617044,Stenobaris
617045,Stenomimus
617046,Stenoptochus
617047,Stenoscelis
617048,Stephanocleonus
617049,Stereogaster
617050,Sternechus
617051,Stethobaris
617052,Sthereus
617053,Stictobaris
617054,Stomodes
617055,Strongylotes
617056,Strophosoma
617057,Sudus
617058,Tachygonus
617059,Tanymecus
617060,Thecesternus
617061,Thinoxenus
617062,Thricolepis
617064,Thylacites
617065,Tomolips
617066,Trachodes
617067,Trachyphloeus
617068,Tranes
617069,Trepobaris
617070,Trichacorynus
617071,Trichalophus
617072,Trichobaris
617073,Trichodirabius
617074,Trichomagdalis
617075,Trichosirocalus
617076,Triglyphulus
617077,Trigonoscuta
617078,Trigonoscutoides
617079,Tropiphorus
617080,Tychius
617081,Vitavitus
617082,Yuccaborus
617083,Zascelis
617084,Zygobarella
617085,Zygobarinus
617086,Zygobaris
617089,Seenomma
617090,Sipalinus
617091,Ambrosiodmus
617092,Araptus
617093,Cactopinus
617094,Carphobius
617095,Carphoborus
617096,Chramesus
617097,Cnemonyx
617098,Cnesinus
617099,Corthylus
617100,Cryptocarenus
617101,Crypturgus
617102,Dendrocranulus
617103,Dendrosinus
617104,Dendroterus
617105,Dolurgus
617106,Ernoporicus
617107,Gnathotrichus
617108,Hylastes
617109,Hylesinus
617110,Hylocurus
617111,Hylurgops
617112,Liparthrum
617113,Lymantor
617114,Micracis
617115,Micracisella
617116,Monarthrum
617118,Pagiocerus
617119,Pityoborus
617120,Pityogenes
617121,Pityokteines
617122,Pityophthorus
617123,Pityotrichus
617124,Polygraphus
617125,Premnobius
617126,Procryphalus
617127,Pseudohylesinus
617128,Pseudopityophthorus
617129,Pseudothysanoes
617130,Pycnarthrum
617131,Scierus
617132,Scolytodes
617133,Scolytogenes
617135,Thysanoes
617136,Trischidias
617137,Trypophloeus
617138,Xylechinus
617139,Xyloterinus
617140,Naupactus
617196,Brachycerus
625393,Geranopus
625394,Alliophleps
625395,Caenacantha
625396,Peltina
625397,Vittiger
625398,Cyanauges
625399,Gongroneurina
625400,Neochauna
625401,Asyncritula
625402,Caenocephaloides
625403,Arthronemina
625404,Nyassamyia
625405,Lecomyia
625406,Mapuchemyia
625407,Zuerchermyia
625408,Anomalacanthimyia
625409,Clarissimyia
625410,Dicorymbimyia
625411,Abiomyia
625412,Abrosiomyia
625413,Afrodontomyia
625414,Ageiton
625415,Aidomyia
625416,Alopecuroceras
625417,Ampsalis
625418,Anargemus
625419,Ankylacantha
625420,Anoamyia
625421,Apotomaspis
625422,Argyrobrithes
625423,Ashantina
625424,Aspidacantha
625425,Aspidacanthina
625426,Aulana
625427,Brachyphleps
625428,Brachythrix
625429,Burmabrithes
625430,Campeprosopa
625431,Camptopteromyia
625432,Cardopomyia
625433,Catatasis
625434,Cechorismenus
625435,Chelonomima
625436,Chorisops
625437,Chrysochlora
625438,Chrysochromioides
625439,Cibotogaster
625440,Clitellaria
625441,Craspedometopon
625442,Crocutasis
625443,Culcua
625444,Cyphoprosopa
625445,Cyrtopus
625446,Dactylodeictes
625447,Dactylotinda
625448,Diademophora
625449,Diargemus
625450,Dinosargus
625451,Diplephippium
625452,Diplopeltina
625453,Dischizocera
625454,Dolichodema
625455,Drosimomyia
625456,Enypnium
625457,Eudmeta
625458,Eupachygaster
625459,Formosargus
625460,Gnesiomyia
625461,Gnorismomyia
625462,Goetghebueromyia
625463,Gongrosargus
625464,Hermetiomima
625465,Hexacraspis
625466,Himantochaeta
625467,Hypoceromys
625468,Hypoxycera
625469,Isomerocera
625470,Labogastria
625471,Lampetiopus
625472,Lasiopa
625473,Lenomyia
625474,Leucacron
625475,Lonchobrithes
625476,Lophoteles
625477,Madagascara
625478,Madagascarina
625479,Manotes
625480,Marangua
625481,Meristomeringella
625482,Meristomeringina
625483,Meristomerinx
625484,Microptecticus
625485,Microsargus
625486,Monacanthomyia
625487,Nemodema
625488,Nigritomyia
625489,Nyplatys
625490,Oplodontha
625491,Otionigera
625492,Otochrysa
625493,Oxymyia
625494,Pachyacantha
625495,Pachyberis
625496,Paracechorismenus
625497,Paraptecticus
625498,Parastratiosphecomyia
625499,Pegadomyia
625500,Physometopon
625501,Pithomyia
625502,Platyna
625503,Platynomorpha
625504,Platynomyia
625505,Porpocera
625506,Prosopochrysa
625507,Psapharomydops
625508,Psapharomys
625509,Pselaphomyia
625510,Pseudomeristomerinx
625511,Pseudoxymyia
625512,Ptectisargus
625513,Ptilinoxus
625514,Ptilocera
625515,Rhaphioceroides
625516,Rosapha
625517,Rosaphula
625518,Ruba
625519,Saruga
625520,Sathroptera
625521,Scapanocnema
625522,Spartimas
625523,Steleoceromys
625524,Sternobrithes
625525,Stratiosphecomyia
625526,Strophognathus
625527,Stuckenbergiola
625528,Systegnum
625529,Timorimyia
625530,Tinda
625531,Tindacera
625532,Zulumyia
625533,Filiptschenkia
625534,Stackelbergia
625535,Rhaphiocerina
625536,Alliocera
625537,Exochostoma
625538,Hermionella
625539,Peritta
625540,Pycnomalla
625541,Kolomania
625542,Maackiana
625543,Ornopyramis
625544,Raphanocera
625545,Xylopachygaster
625546,Barbiellinia
625547,Chiromyza
625548,Hylorops
625549,Mesomyza
625550,Nonacris
625551,Tana
625552,Actinomyia
625553,Archistratiomys
625554,Benhamyia
625555,Beridops
625556,Berismyia
625557,Exaeretina
625558,Hadrestia
625559,Heteracanthia
625560,Macromeracis
625561,Microhadrestia
625562,Neoberis
625563,Exaireta
625564,Oplachantha
625565,Acrochaeta
625566,Eumenogastrina
625567,Analcoceroides
625568,Analcocerus
625569,Anisoscapus
625570,Auloceromyia
625571,Basentidema
625572,Cyclophleps
625573,Dicranophora
625574,Dolichothrix
625575,Heptozus
625576,Hoplistes
625577,Lysozus
625578,Neanalcocerus
625579,Pezodontina
625580,Phanerozus
625581,Antissa
625582,Abasanistus
625583,Chordonota
625584,Labocerina
625585,Abavus
625586,Acropeltates
625587,Diaphorostylus
625588,Ditylometopa
625589,Glariopsis
625590,Glaris
625591,Grypomyia
625592,Homalarthria
625593,Leucoptilum
625594,Meringostylus
625595,Pachyptilum
625596,Platopsomyia
625597,Progrypomyia
625598,Cacosis
625599,Chaetosargus
625600,Pelagomyia
625601,Amphilecta
625602,Chaetohermetia
625603,Chloromelas
625604,Metabasis
625605,Promeranisa
625606,Rhingiopsis
625607,Stratiomyella
625608,Blastocera
625609,Brachyodina
625610,Charisina
625611,Chlamydonotum
625612,Chorophthalmyia
625613,Cyclotaspis
625614,Cynipimorpha
625615,Dactylacantha
625616,Diastophthalmus
625617,Ecchaetomyia
625618,Eicochalcidina
625619,Engicerus
625620,Lasiodeictes
625621,Ligyromyia
625622,Lyprotemyia
625623,Meristocera
625624,Myiocavia
625625,Mycterocera
625626,Neoacanthina
625627,Netrogramma
625628,Panacris
625629,Paracanthinomyia
625630,Pedinocera
625631,Platylobium
625632,Popanomyia
625633,Proegmenomyia
625634,Psephiocera
625635,Pseudocyphomyia
625636,Spaniomyia
625637,Strobilaspis
625638,Synaptochaeta
625639,Tegocera
625640,Thopomyia
625641,Trigonocerina
625642,Stenimantia
625643,Archimyza
625644,Parhadrestia
625645,Raphiocera
625646,Acanthinomyia
625647,Anopisthocrania
625648,Beridella
625649,Clavimyia
625650,Dicamptocrana
625651,Draymonia
625652,Haplephippium
625653,Hypselophrum
625654,Mixoclitellaria
625655,Psellidotus
625656,Archilagarinus
625657,Boreoides
625658,Australoberis
625659,Berisina
625660,Eumecacis
625661,Neactina
625662,Anacanthella
625663,Antissella
625664,Acyrocera
625665,Acyrocerops
625666,Adraga
625667,Artemitomima
625668,Bistinda
625669,Damaromyia
625670,Dialampsis
625671,Discopteromyia
625672,Dochmiocera
625673,Eufijia
625674,Glochinomyia
625675,Haplofijia
625676,Leveromyia
625677,Lonchegaster
625678,Obrapa
625679,Pangomyia
625680,Paradraga
625681,Parevaza
625682,Pedinocerops
625683,Peratomastix
625684,Pristaspis
625685,Salduba
625686,Saldubella
625687,Sphaerofijia
625688,Thylacognathus
625689,Toxopeusomyia
625690,Trichochaeta
625691,Gabaza
625692,Weimyia
625693,Dysbiota
625694,Elissoma
625695,Lagenosoma
625696,Octarthria
625697,Pycnothorax
625698,Syndipnomyia
625699,Chromatopoda
625700,Notohermetia
625701,Acanthasargus
625702,Hoplistopsis
625703,Pinaleus
625704,Melanochroa
625705,Anexaireta
625706,Arcuavena
625707,Aspartimas
625708,Australoactina
625709,Mischomedia
625710,Paraberismyia
625711,Smaragdinomyia
625712,Tytthoberis
625713,Zealandoberis
625714,Panacridops
625715,Himantigera
625716,Lobisquama
625717,Amsaria
625718,Trichocercocera
625719,Patagiomyia
625720,Sagaricera
625721,Stenimas
625722,Gobertina
625723,Keiseria
625724,Histiodroma
625725,Vanoyia
654066,Orthotomicus
656501,Echinogammarus
656512,Parhyalella
683359,Columbasellus
690820,Zonaira
690821,Zolium
690822,Trimiosella
690823,Trimiomelba
690824,Simplona
690825,Pilactium
690826,Cupila
690827,Reichenbachia
690828,Balega
690829,Malleoceps
690830,Haasellia
690831,Dalmosella
690832,Ramelbida
690833,Megarafonus
690835,Eupsenius
690836,Decarthron
690837,Rybaxis
690838,Nisaxis
690839,Briaraxis
690840,Sonoma
690841,Rhexius
690842,Tetrascapha
690843,Rhexidius
690844,Oropus
690845,Foveoscapha
690846,Euboarhexius
690847,Conoplectus
690848,Bontomtes
690849,Trisignis
690850,Brachygluta
690851,Mayetia
690852,Bibloplectus
690853,Arthmius
690854,Eutyphlus
690855,Bibloporus
690856,Abdiunguis
690857,Allobrox
690858,Adranes
690859,Acolonia
690860,Texamaurops
690861,Euphalepsus
690862,Batrisodes
690863,Batriasymmodes
690864,Anchylarthron
690865,Arianops
690866,Melba
690867,Fustiger
690868,Trigonoplectus
690869,Actizona
690870,Actium
690871,Actiastes
690872,Rhinoscepsis
690873,Morius
690874,Hatchia
690875,Trimioplectus
690876,Euplecterga
690877,Thesiastes
690878,Saxet
690879,Ramecia
690880,Pycnoplectus
690881,Pseudactium
690882,Oropodes
690883,Leptoplectus
690884,Circocerus
690885,Speleochus
690886,Pselaphus
690887,Tychobythinus
690889,Pselaptrichus
690890,Ephimia
690891,Neopselaphus
690892,Lemelba
690893,Speleobama
690894,Hesperotychus
690895,Cylindrarctus
690896,Tyrus
690897,Trichonyx
690898,Custotychus
690899,Nearctitychus
690900,Cedius
690901,Tmesiphorus
690902,Valda
690903,Atinus
690904,Berdura
690905,Ouachitychus
690906,Caccoplectus
690907,Lucifotychus
690908,Eutrichites
690909,Subterrochus
690910,Ceophyllus
690911,Pselaptus
690912,Scalenarthrus
690913,Biotus
690914,Ctenisis
690915,Mipseltyrus
690916,Prespelea
690917,Machaerodes
690918,Anitra
690919,Sebaga
690920,Allotrimium
690921,Tomoplectus
690922,Trimioarcus
690923,Trimium
690987,Ctenisodes
690988,Dalmosanus
690989,Neoxus
690990,Eleusis
690991,Renardia
690992,Holotrochus
690993,Coprophilus
690994,Deleaster
690995,Mitosynum
690996,Syntomium
690997,Apocellus
690998,Aploderus
690999,Manda
691000,Ochthephilus
691001,Teropalpus
691002,Thinodromus
691003,Hypotelus
691004,Siagonium
691005,Trigonurus
691006,Tannea
691007,Trogactus
691008,Neosorius
697659,Amblycheila
697660,Omus
697661,Megacephala
697955,Baetiella
697956,Baetopus
697959,Lugoiops
717271,Phreatodytes
717547,Aquarius
717548,Arctocorisa
717690,Cavaticovelia
717708,Anisops
717765,Madeovelia
717766,Mesoveloidea
717767,Cryptovelia
717768,Speovelia
717769,Darwinivelia
717770,Phrynovelia
717771,Mniovelia
719606,Poecilocera
719607,Donaciella
719608,Crioceris
719609,Lilioceris
719610,Neolema
719611,Oulema
719612,Stenispa
719613,Anisostena
719614,Baliosus
719615,Brachycoryna
719616,Chalepus
719617,Glyphuroplata
719618,Microrhopala
719619,Odontota
719620,Pentispa
719621,Platocthispa
719622,Stenopodius
719623,Sumitrosis
719624,Xenochalepus
719625,Hemisphaerota
719626,Hilarocassis
719627,Chelymorpha
719628,Physonota
719629,Agroiconota
719630,Cassida
719631,Coptocycla
719632,Deloyala
719633,Gratiana
719634,Parorectis
719635,Plagiometriona
719636,Charidotella
719637,Erepsocassis
719638,Floridocassis
719639,Jonthonota
719640,Metrionella
719641,Microctenochira
719642,Opacinota
719643,Strongylocassis
719644,Timarcha
719645,Trachymela
719646,Calligrapha
719647,Zygogramma
719648,Labidomera
719649,Leptinotarsa
719650,Gastrophysa
719651,Phaedon
719652,Phratora
719653,Chrysomela
719654,Plagiodera
719655,Cadiz
719656,Coraia
719657,Derospidea
719658,Monocesta
719659,Trirhabda
719660,Diorhabda
719661,Neogalerucella
719662,Tricholochmaea
719663,Xanthogaleruca
719664,Brucita
719665,Erynephala
719666,Neolochmaea
719667,Ophraea
719668,Ophraella
719669,Galeruca
719670,Malacorhinus
719671,Agelastica
719672,Acalymma
719673,Amphelasma
719674,Diabrotica
719675,Paranapiacaba
719676,Paratriarius
719677,Cerotoma
719678,Cyclotrypema
719679,Neobrotica
719680,Luperosoma
719681,Phyllecthris
719682,Trachyscelida
719683,Androlyperus
719684,Keitheatus
719685,Lygistus
719686,Pseudoluperus
719687,Scelida
719688,Scelolyperus
719689,Synetocephalus
719690,Triarius
719691,Phyllobrotica
719692,Pteleon
719693,Eusattodera
719694,Metrioidea
719695,Acrocyum
719696,Blepharida
719697,Phydanis
719698,Pseudorthygia
719699,Luperaltica
719700,Phyllotreta
719701,Aphthona
719702,Cerataltica
719703,Glyptina
719704,Longitarsus
719705,Dysphenges
719706,Glenidion
719707,Nesaecrepida
719708,Syphrea
719709,Altica
719710,Lysathia
719711,Orthaltica
719712,Acallepitrix
719713,Crepidodera
719714,Derocrepis
719715,Hippuriphila
719716,Hornaltica
719717,Margaridisa
719718,Neocrepidodera
719719,Trichaltica
719720,Hemiglyptus
719721,Mantura
719722,Hemiphrynus
719723,Luprea
719724,Strabala
719725,Monomacra
719726,Parchicola
719727,Asphaera
719728,Omophoita
719729,Capraita
719730,Kuschelina
719731,Pachyonychis
719732,Distigmoptera
719733,Pachyonychus
719734,Pseudolampis
719735,Dibolia
719736,Pseudodibolia
719737,Argopistes
719738,Psylliodes
719739,Syneta
719740,Thricolema
719741,Metachroma
719742,Graphops
719743,Paria
719744,Typophorus
719745,Brachypnoea
719746,Chrysodinopsis
719747,Colaspis
719748,Euphrytus
719749,Glyptoscelis
719750,Metaparia
719751,Myochrous
719752,Promecosoma
719753,Rhabdopterus
719754,Spintherophyta
719755,Tymnes
719756,Zenocolaspis
719757,Eumolpus
719758,Chrysochus
719759,Colaspidea
719760,Demotina
719761,Fidia
719762,Xanthonia
719763,Bromius
719764,Oomorphus
719765,Griburius
719766,Pachybrachis
719767,Lexiphanes
719768,Bassareus
719769,Cryptocephalus
719770,Triachus
719771,Anomoea
719772,Smaragdina
719773,Coleorozena
719774,Coleothorpa
719775,Coscinoptera
719776,Megalostomis
719777,Babia
719778,Saxinis
719779,Urodera
719780,Chlamisus
719781,Diplacaspis
719782,Exema
719783,Neochlamisus
719784,Pseudochlamys
719785,Pagria
719786,Caryobruchus
719787,Kitorhinus
719788,Amblycerus
719789,Borowiecius
719790,Bruchidius
719791,Abutiloneus
719792,Althaeus
719793,Caryedes
719794,Gibbobruchus
719795,Meibomeus
719796,Merobruchus
719797,Neltumius
719798,Sennius
719799,Stylantheus
719800,Sagra
721778,Steinovelia
721780,Platyvelia
721971,Teinopodagrion
721972,Lamproneura
721973,Rhionaeschna
721974,Deielia
721975,Megalagrion
721976,Nesogonia
721977,Bromeliagrion
721978,Amazoneura
722238,Horelophus
722239,Horelophopsis
722240,Hemiosus
722241,Tectosternum
722243,Hydrocassis
722244,Coelofletium
722245,Noteropagus
722246,Paraoosternum
722413,Photuris
722414,Microphotus
722415,Pleotomodes
722416,Pleotomus
722417,Tenaspis
722418,Aspisoma
722419,Micronaspis
722422,Lamprohiza
722423,Lucidota
722424,Phausis
722425,Phosphaenus
722426,Photinus
722427,Pyropyga
722428,Bicellonycha
722429,Luciola
722430,Brachylampis
722431,Pollaclasis
722432,Pterotus
722433,Paraphausis
723472,Celegastrura
723473,Ceratophysella
723474,Thibaudylla
723475,Typhlogastrura
723476,Schoettella
723477,Austrogastrura
723478,Choreutinula
723479,Mesogastrura
723480,Denigastrura
723481,Gnathogastrura
723482,Barbagastrura
723483,Paraxenylla
723484,Acherontides
723485,Pseudacherontides
723486,Xenyllogastrura
723487,Willemgastrura
723488,Parawillemia
723489,Biscoia
723490,Acheroxenylla
723491,Acherongia
723492,Bonetogastrura
723493,Cosberella
723494,Jacutogastrura
723495,Mitchellania
723496,Neobeckerella
723497,Octoacanthella
723498,Ongulogastrura
723499,Ecuadogastrura
723500,Orogastrura
723503,Anuridella
724469,Tinotus
724470,Earota
724471,Sableta
724472,Adota
724473,Psammostiba
724474,Trichopsenius
724475,Xenistusa
724476,Anacyptus
724477,Deinopsis
724478,Adinopsis
724479,Myrmecocephalus
724480,Aleodorus
724481,Lissagria
724482,Borboropora
724483,Acrotona
724484,Asthenesita
724485,Trichiusa
724486,Dexiogyia
724487,Gnypeta
724488,Meronera
724489,Apalonia
724490,Dinocoryna
724491,Ecitocala
724492,Ecitoxenidia
724493,Microdonia
724494,Zyras
724495,Agaricochara
724496,Bolitochara
724498,Eumicrota
724499,Euvira
724500,Gyrophaena
724501,Heterota
724502,Orthodiatelus
724503,Phanerota
724504,Placusa
724505,Schistacme
724506,Thecturota
724507,Halobrecta
724508,Tachyusa
724509,Geostiba
724510,Goniusa
724511,Lypoglossa
724512,Microlia
724513,Seeversiella
724514,Stethusa
724515,Tomoglossa
724516,Tropimenelytron
724517,Myrmoecia
724518,Pella
724519,Platyusa
724520,Silusa
724521,Leptusa
724522,Liometoxenus
724523,Paragoniusa
724524,Oxypoda
724525,Devia
724526,Phloeopora
724527,Parocalea
724528,Gnathusa
724529,Ocyusa
724530,Hydrosmecta
724532,Boreophilia
724533,Liogluta
724534,Philhygra
724535,Mocyta
724537,Dimetrota
724538,Boreostiba
724539,Dinaraea
724540,Paradilacra
724541,Aloconota
724542,Dalotia
724543,Dochmonota
724544,Emmelostiba
724545,Thamiaraea
724548,Strigota
724549,Drusilla
724550,Amischa
724551,Anatheta
724552,Callicerus
724553,Charoxus
724554,Clusiota
724555,Crephalia
724556,Dilacra
724557,Gaenima
724558,Halobrecthina
724559,Homia
724560,Micratheta
724561,Micrearota
724562,Nehemitropia
724563,Paraleptonia
724564,Parameotica
724565,Schistoglossa
724566,Strophogastra
724567,Tarphiota
724568,Paramblopusa
724569,Cordalia
724570,Falagriota
724571,Leptagria
724572,Falagrioma
724573,Diglotta
724574,Hongophila
724575,Neotobia
724576,Xenodusa
724577,Hoplandria
724578,Platandria
724579,Cephaloxynum
724580,Holisomimus
724581,Holobus
724582,Ilyobates
724583,Blepharhymenus
724584,Acrimea
724585,Amarochara
724586,Calodera
724587,Crataraea
724588,Haploglossa
724589,Longipeltina
724590,Melanalia
724592,Ocalea
724593,Pachycerota
724594,Pentanota
724595,Tetralaucopora
724596,Thyasophila
724597,Decusa
724598,Euthotorax
724599,Losiusa
724600,Myrmobiota
724601,Alisalia
724602,Apimela
724603,Bamona
724604,Gyronycha
724605,Leptobamona
724606,Meotica
724607,Brachyusa
724608,Gnypetella
724609,Teliusa
724610,Trachyota
724611,Eburniogaster
724612,Termitonidia
724613,Aidochara
724614,Tetrallus
724616,Dinardilla
724617,Sceptobius
724618,Ecitonidia
724619,Tetradonia
724620,Beyeria
724621,Xesturida
724622,Probeyeria
724623,Encephalus
724625,Anomognathus
724626,Cyphea
724627,Autalia
724628,Philotermes
724629,Gymnusa
724630,Cypha
724631,Stylogymnusa
724632,Metadeinopsis
724633,Neodemosoma
724634,Dianusa
724635,Coenonica
724639,Silusida
724641,Ocyustiba
724642,Neobeyeria
724643,Agaricomorpha
724644,Pulicomorpha
724645,Phymatura
724646,Stictalia
724647,Gennadota
724648,Hylota
724649,Neothetalia
724650,Betocalea
724651,Alfocalea
724652,Neoisoglossa
724653,Metocalea
724654,Megocalea
724655,Salinamexus
724656,Pyraglossa
728239,Ilybiosoma
728241,Platambus
728243,Lacconectus
728244,Notaticus
728245,Hydrodytes
728246,Comaldessus
728247,Crinodessus
728248,Haideoporus
728249,Heterosternuta
728250,Hydrocolus
728251,Nebrioporus
728252,Neoporus
728253,Sanfilippodytes
728255,Paroster
749777,Explorator
749778,Centuriatus
749779,Microaugyles
749780,Lanternarius
749781,Efflagitatus
749783,Peditatus
749784,Lapsus
749785,Tropicus
749786,Heterocerus
749787,Augyles
776921,Latineosus
776922,Sparbarus
776923,Susperatus
776928,Iswaeon
776930,Caenoculis
776931,Insulibrachys
776932,Oriobrachys
776933,Alloretochus
811084,Andonectes
811085,Hydronebrius
811086,Platynectes
811088,Carabdytes
811089,Bunites
811090,Meladema
811091,Melanodytes
811092,Agaporomorphus
811093,Aglymbus
811094,Aethionectes
811095,Rhantaticus
811096,Sandracottus
811097,Tikoloshanes
811098,Austrodytes
811099,Onychohydrus
811100,Regimbartina
811101,Spencerhydrus
811103,Hyderodes
811104,Africodytes
811105,Allodessus
811106,Amarodytes
811107,Bidessodes
811109,Clypeodytes
811110,Geodessus
811111,Gibbidessus
811112,Glareadessus
811113,Hemibidessus
811114,Huxelhydrus
811115,Hydroglyphus
811116,Hypodessus
811118,Leiodytes
811119,Limbodessus
811120,Microdessus
811122,Pachynectes
811123,Platydytes
811124,Pseuduvarus
811125,Sharphydrus
811126,Sinodytes
811127,Tepuidessus
811129,Trogloguignotus
811130,Tyndallhydrus
811131,Yola
811132,Yolina
811133,Carabhydrus
811134,Antiporus
811135,Barretthydrus
811136,Canthyporus
811137,Chostonectes
811138,Graptodytes
811140,Iberoporus
811141,Laccornellus
811142,Megaporus
811143,Metaporus
811144,Necterosoma
811145,Peschetius
811146,Porhydrus
811147,Rhithrodytes
811148,Scarodytes
811149,Sekaliporus
811150,Siamoporus
811151,Siettitia
811152,Sternopriscus
811153,Stictonectes
811154,Stygoporus
811155,Tiporus
811156,Queda
811161,Agnoshydrus
811162,Allopachria
811163,Andex
811164,Coelhydrus
811165,Darwinhydrus
811166,Dimitshydrus
811167,Heterhydrus
811168,Hovahydrus
811169,Hydropeplus
811170,Hyphovatus
811171,Hyphydrus
811172,Microdytes
811173,Primospes
811174,Methles
811176,Vatellus
811177,Hydrodessus
811178,Kuschelydrus
811179,Morimotoa
811180,Phreatodessus
811182,Typhlodessus
811183,Africophilus
811184,Australphilus
811185,Japanolaccophilus
811186,Laccoporus
811187,Laccosternus
811188,Napodytes
811189,Neptosternus
811190,Philaccolilus
811191,Philaccolus
811192,Philodytes
811193,Lancetes
811195,Batrachomatus
811196,Calicovatellus
811198,Papuadessus
811199,Borneodessus
811200,Kakadudessus
811201,Ereboporus
811202,Anginopachria
811203,Madaglymbus
811205,Liopterus
811206,Microhydrodytes
811209,Exocelina
811210,Neobidessodes
811211,Fontidessus
811212,Trichonectes
811213,Sternhydrus
815470,Nucleotops
815471,Orchymontia
815473,Protosthetops
815474,Prosthetops
815475,Pterosthetops
815476,Sicilicula
815477,Parasthetops
815478,Sebasthetops
815479,Mesoceration
815480,Podaena
815481,Homalaena
815482,Hydraenida
815483,Parhydraenida
815484,Heptaenida
815485,Madagaster
815486,Gondraena
815487,Coelometopon
815488,Davidraena
815489,Adelphydraena
815490,Pneuminion
815491,Parhydraena
815492,Protozantaena
815493,Discozantaena
815494,Laeliaena
815495,Ochtheosus
815496,Meropathus
815497,Tympallopatrum
815498,Tympanogaster
815499,Protochthebius
815500,Hughleechia
815501,Micragasma
815502,Gymnanthelius
815503,Aulacochthebius
815504,Parhydraenopsis
815505,Decarthrocerus
815506,Oomtelecopon
815507,Ginkgoscia
815508,Edaphobates
837924,Herminella
837925,Notosacantha
837926,Delocrania
837927,Spaethiella
837928,Calyptocephala
837929,Spilophora
837930,Canistra
837931,Carlobruchia
837932,Cassidinoma
837933,Cyclosoma
837934,Discomorpha
837935,Omocerus
837936,Polychalca
837937,Chlamydocassis
837938,Goniochenia
837939,Herissa
837940,Polychalma
837941,Zeugonota
837942,Androya
837943,Basiprionota
837944,Cassidopsis
837945,Craspedonta
837946,Epistictina
837947,Megapyga
837948,Metriopepla
837949,Pseudandroya
837950,Agenysa
837951,Eugenysa
837952,Miocalaspis
837953,Acromis
837954,Amythra
837955,Anacassis
837956,Anepsiomorpha
837957,Botanochara
837958,Cyrtonota
837959,Echoma
837960,Elytrogona
837961,Eutheria
837962,Mesomphalia
837963,Nebraspis
837964,Ogdoecosta
837965,Omaspides
837966,Paraselenis
837967,Phytodectoidea
837968,Poecilaspidella
837969,Stoiba
837970,Stolas
837971,Terpsis
837972,Trilaccodea
837973,Xenicomorpha
837974,Zatrephina
837975,Dorynota
837976,Heteronychocassis
837977,Omoteina
837978,Paranota
837979,Paratrikona
837980,Asteriza
837981,Cistudinella
837982,Enagria
837983,Eurypedus
837984,Eurypepla
837985,Platycycla
837986,Aspidimorpha
837987,Conchyloctenia
837988,Hybosinota
837989,Laccoptera
837990,Mahatsinia
837991,Nilgiraspis
837992,Acrocassis
837993,Aethiopocassis
837994,Andevocassis
837995,Austropsecadia
837996,Basipta
837997,Capelocassis
837998,Chelysida
837999,Chiridopsis
838000,Chiridula
838001,Emdenia
838002,Erbolaspis
838003,Fornicocassis
838004,Glyphocassis
838005,Hovacassis
838006,Hypocassida
838007,Ischiocassis
838008,Ischyronota
838009,Limnocassis
838010,Lorentzocassis
838011,Macromonycha
838012,Malayocassis
838013,Meroscalsis
838014,Nabathaea
838015,Oocassida
838016,Orobiocassis
838017,Oxylepus
838018,Pilemostoma
838019,Psalidoma
838020,Rhacocassis
838021,Rhytidocassis
838022,Seminabathea
838023,Silana
838024,Smeringaspis
838025,Sphenocassis
838026,Tegocassis
838027,Thlaspida
838028,Thlaspidosoma
838029,Thlaspidula
838030,Trichaspis
838031,Trigonocassis
838032,Vietocassis
838033,Aidoia
838034,Aporocassida
838035,Bradycassis
838036,Chacocassis
838037,Charidotis
838038,Chersinellina
838039,Crambelea
838040,Cteisella
838041,Ctenocassida
838042,Ctenocharidotis
838043,Ctenophilaspis
838044,Cyclocassis
838045,Drepanocassis
838046,Eremionycha
838047,Exestastica
838048,Helocassis
838049,Hybosa
838050,Ischnocodia
838051,Leptocodia
838052,Metriona
838053,Mexicaspis
838054,Nuzonia
838055,Orexita
838056,Parachirida
838057,Pseudoctenochira
838058,Rhoia
838059,Saulaspis
838060,Scaeocassis
838061,Syngambria
838062,Tapinaspis
838063,Tetracassis
838064,Acentroptera
838065,Ocnosispa
838066,Pseudispa
838067,Sceloenopla
838068,Serratispa
838069,Aslamidium
838070,Calliaspis
838071,Cephaloleia
838072,Pseudostilpnaspis
838073,Stilpnaspis
838074,Demotispa
838075,Spaethaspis
838076,Oediopalpa
838077,Cladispa
838078,Euxema
838079,Homalispa
838080,Imatidium
838081,Melanispa
838082,Octocladiscus
838083,Parimatidium
838084,Solenispa
838085,Hybosispa
838086,Arescus
838087,Chelobasis
838088,Nympharescus
838089,Xenarescus
838090,Adalurnus
838091,Alurnus
838092,Coraliomela
838093,Mecistomela
838094,Platyauchenia
838095,Pseudocalaspidea
838096,Prosopodonta
838097,Acanthodes
838098,Acritispa
838099,Agathispa
838100,Anisochalepus
838101,Bothrispa
838102,Bruchia
838103,Carinispa
838104,Chalepotatus
838105,Chalepispa
838106,Charistena
838107,Clinocarispa
838108,Cnetispa
838109,Corynispa
838110,Craspedonispa
838111,Decatelia
838112,Euprionota
838113,Fossispa
838114,Goyachalepus
838115,Heptachispa
838116,Heptatomispa
838117,Heptispa
838118,Heterispa
838120,Mimoethispa
838121,Nanocthispa
838122,Nonispa
838123,Octhispa
838124,Octuroplata
838125,Odontispa
838126,Oxychalepus
838127,Oxyroplata
838128,Physocoryna
838129,Sternocthispa
838130,Probaenia
838131,Spaethispa
838132,Sternoplispa
838133,Sternostena
838134,Sternostenoides
838135,Stethispa
838136,Temnochalepus
838137,Temnocthispa
838138,Hispoleptis
838139,Hispa
838140,Chaeridiona
838142,Botryonopa
838143,Macrispa
838144,Estigmena
838145,Lasiochila
838146,Anisodera
838147,Aproida
838148,Hispodonta
838150,Pseudocallispa
838151,Callispa
838154,Amblispa
838155,Leptispa
838156,Eurispa
838157,Leucispa
838158,Squamispa
838159,Gestronella
838160,Xiphispa
838161,Drescheria
838162,Cryptonychus
838163,Torquispa
838164,Plesispa
838165,Oxycephala
838166,Callistola
838167,Aulostyrax
838168,Isopedhispa
838169,Caledonispa
838170,Nesohispa
838171,Octodonta
838172,Exothispa
838173,Pharangispa
838174,Javeta
838175,Coelaenomenodera
838176,Balyana
838177,Rhabdotohispa
838178,Promecispa
838179,Promecotheca
838180,Pistosia
838182,Wallacispa
838183,Downesia
838184,Aspidispa
838185,Agonita
838186,Klitispa
838187,Monagonia
838188,Agoniella
838189,Gonophora
838190,Prionispa
838191,Oncocephala
838193,Pleurispa
838194,Hispellinus
838195,Acmenychus
838196,Pseudispella
838197,Phidodontina
838198,Sinispa
838199,Polyconia
838200,Asamangulia
838201,Dorcathispa
838203,Rhadinosa
838205,Cirrispa
838206,Peronycha
838207,Unguispa
838208,Dactylispa
838209,Trichispa
838210,Dicladispa
838211,Thoracispa
838212,Platypria
838213,Cassidispa
838215,Cubispa
838217,Calamispa
838218,Palmispa
838219,Teretrispa
838220,Stephanispa
838221,Callohispa
838222,Cyperispa
838223,Heterrhachispa
838224,Enischnispa
838226,Callanispa
838228,Bulolispa
838229,Ischnispa
838230,Ovotispa
838231,Jambhala
838232,Parvispa
838235,Ceratispa
838238,Rhoptrispa
838239,Metazycera
838241,Micrispa
838242,Philodonta
838243,Gyllenhaleus
838244,Chrysispa
838245,Thomispa
900033,Alloweckelia
931414,Nippononebria
931415,Tetracha
931416,Cylindera
931417,Ellipsoptera
931418,Microthylax
931419,Opilidia
931420,Brasiella
931421,Dromochorus
931422,Habroscelimorpha
931423,Eunota
931424,Paraclivina
931425,Oxydrepanus
931426,Semiardistomis
931427,Akephorus
931428,Dyschirius
931429,Broscus
931430,Blemus
931431,Amerizus
931432,Lionepha
931433,Serranillus
931434,Pogonus
931435,Goniotropis
931436,Physea
931437,Ozaena
931438,Stolonis
931439,Abaris
931440,Hybothecus
931441,Poecilus
931442,Lophoglossus
931443,Piesmus
931444,Gastrellarius
931445,Stomis
931446,Stereocerus
931447,Cyclotrachelus
931448,Anatrichis
931449,Oodinus
931450,Lachnocrepis
931451,Agonoleptus
931452,Dicheirotrichus
931453,Philodes
931454,Piosoma
931455,Ophonus
931456,Amblygnathus
931457,Athrostictus
931458,Aztecarpalus
931459,Pseudamara
931460,Laemostenus
931461,Elliptoleus
931462,Tetraleucus
931463,Anchomenus
931464,Mexisphodrus
931465,Tanystoma
931466,Paranchus
931467,Oxypselaphus
931468,Metacolpodes
931469,Calybe
931470,Mochtherus
931471,Eucheila
931472,Philorhizus
931473,Syntomus
931474,Hyboptera
931475,Calleida
931476,Philophuga
931477,Onota
931478,Anaulacus
931479,Antarctonomus
931480,Craspedonotus
931481,Eucamaragnathus
931482,Lymnastis
931483,Oopterus
931485,Siagona
931486,Antilliscaris
931487,Pericompsus
931488,Coptocarpus
945746,Huleechius
945747,Xenelmis
945749,Bryelmis
952265,Nelsonphotus
952266,Prolutacea
952267,Lampyris
952268,Cratomorphus
952269,Pyropygodes
952270,Phaenolis
952271,Aspisomoides
952272,Cheguevaria
952273,Lychnacris
952274,Erythrolychnia
952275,Callopisma
952276,Robopus
952277,Heterophotinus
952278,Microdiphot
952279,Presbyolampis
952280,Rufolychnia
952281,Alecton
952282,Roleta
952283,Memoan
952284,Ophoelis
952285,Lamprocera
952286,Lucio
952287,Cassidomorphus
952288,Photinoides
952290,Jamphotus
952291,Calotrachelum
952292,Oliviereus
952293,Lucidotopsis
952294,Pyractonema
952295,Dilychnia
952296,Platylampis
952297,Pseudolychnuris
952298,Pristolycus
952300,Amydetes
952301,Magnoculus
952302,Cladodes
952303,Vesta
952304,Ledocas
952305,Dodacles
952306,Dryptelytra
952307,Psilocladus
952308,Ethra
952309,Scissicauda
952310,Photoctus
952311,Pyrogaster
952312,Microlampyris
952314,Diaphanes
952316,Ovalampis
952317,Petalacmis
952318,Calyptocephalus
952319,Lucernuta
952320,Mimophotinus
952321,Lucidina
952322,Phosphaenopterus
952323,Lamprigera
952324,Lampyroidea
952325,Colophotia
952326,Pyrophanes
952327,Pteroptyx
952329,Atyphella
952330,Curtos
952332,Afrodiaphanes
952333,Harmatelia
952334,Cyphonocerus
952335,Pygoluciola
952336,Eoluciola
952337,Aquatica
952338,Emasia
952339,Hyperstoma
952340,Abscondita
952341,Emeia
952342,Aquilonia
952343,Asymmetricata
952344,Convexa
952346,Lloydiella
952347,Magnalata
952348,Missimia
952349,Photuroluciola
952350,Pygatyphella
952351,Lamellipalpus
952352,Electotreta
952353,Oculogryphus
952355,Australoluciola
952356,Medeopteryx
952357,Pacifica
952359,Trisinuata
952360,Nyctophila
952361,Pyrocoelia
952362,Drilaster
952363,Flabellototreta
952364,Ceylanodrilus
952365,Ototretadrilus
952366,Hydaspoides
952367,Picodrilus
952368,Lamellipalpodes
952369,Gorhamia
952370,Eugeusis
952371,Brachypterodrilus
952373,Falsophaeopterus
952374,Stenocladius
952375,Baolacus
952376,Lychnobius
952378,Pelania
952380,Anadrilus
952390,Ybytyramoan
952391,Paracratomorphus
1007302,Enalosalda
1007303,Oligosaldina
1007304,Paralosalda
1007305,Propentacora
1007306,Capitonisalda
1007307,Chartoscirta
1007308,Halosalda
1007309,Helenasaldula
1007310,Oiosalda
1007311,Orthophrys
1007312,Pseudosaldula
1007313,Salduncula
1007317,Capitonisaldoida
1007318,Mascarenisalda
1007319,Aoteasalda
1007320,Kiwisaldula
1007321,Zemacrosaldula
1007322,Sinosalda
1007323,Orthosaldula
1007327,Chartosaldoida
1007328,Saldonia
1007329,Brevrimatus
1008681,Limnobatodes
1008682,Heterocleptes
1008683,Veliometra
1008684,Carinametra
1008685,Bacillometroides
1008686,Bacillometra
1008687,Cretaceometra
1008688,Eocenometra
1008690,Dolichocephalometra
1008691,Burmametra
1008692,Metrocephala
1008694,Chaetometra
1008695,Alavametra
1008696,Incertametra
1008697,Limnacis
1008698,Protobacillometra
1012065,Austrovelia
1012066,Seychellovelia
1012067,Nereivelia
1012068,Sinovelia
1012070,Emilianovelia
1012071,Malenavelia
1014458,Herthania
1014459,Nyholmia
1014460,Exneria
1014461,Yoshitomia
1014595,Angilia
1014596,Angilovelia
1014597,Oiovelia
1014598,Stridulivelia
1014599,Veloidea
1014600,Geovelia
1014601,Pseudovelia
1014602,Perittopus
1014603,Xiphovelia
1014604,Neusterensifer
1014605,Baptista
1014606,Tubuaivelia
1014607,Lathriovelia
1014608,Haloveloides
1014609,Strongylovelia
1014610,Ocheovelia
1014611,Xenobates
1014612,Fijivelia
1014613,Entomovelia
1014614,Tetraripis
1014615,Petrovelia
1014616,Phoreticovelia
1014617,Drepanovelia
1014618,Aegilipsicola
1014619,Brechivelia
1014620,Rheovelia
1014621,Tanyvelia
1014622,Tarsovelia
1014623,Chenevelia
1014624,Halovelia
1014625,Lacertovelia
1014626,Nesidovelia
1014627,Tarsoveloides
1014628,Polhemovelia
1014629,Balticovelia
1014630,Electrovelia
1014631,Papuavelia
1014632,Neoalardus
1014633,Cylicovelia
1014634,Aphrovelia
1014635,Euvelia
1014637,Xiphoveloidea
1014638,Mangrovelia
1014639,Millotella
1014640,Tonkouivelia
1014641,Velohebria
1014642,Hebrovelia
1014643,Aegilipsovelia
1014644,Gracilovelia
1014645,Ocellovelia
1014646,Tenagovelia
1014647,Carayonella
1014648,Microvelopsis
1014649,Aquulavelia
1014652,Submicrovelia
1014654,Microveloidella
1014655,Menuthiasia
1014656,Arcantivelia
1025030,Heterogyrus
1025031,Macrogyrus
1025032,Andogyrus
1025033,Enhydrus
1025034,Porrorhynchus
1025035,Metagyrinus
1025036,Aulonogyrus
1025037,Orectochilus
1025038,Patrus
1025039,Orectogyrus
1053536,Timasius
1053537,Neotimasius
1053538,Hebrometra
1053539,Hyrcanus
1053540,Stenohebrus
1053541,Nieserius
1053542,Austrohebrus
1053543,Miohebrus
1061820,Rhyacobates
1061821,Ptilomera
1061822,Rheumatogonus
1061823,Pleciobates
1061824,Andersenius
1061825,Pleciogonus
1061826,Gigantometra
1061827,Gerrisella
1061828,Tenagogerris
1061829,Tachygerris
1061830,Cylindrostethus
1061831,Brachymetra
1061832,Halobatopsis
1061833,Ovatametra
1061834,Telmatometra
1061835,Esakia
1061836,Limnometra
1061837,Tenagogonus
1061839,Tenagometra
1061840,Tenagometrella
1061841,Eurygerris
1061842,Eotrechus
1061843,Chimarrhometra
1061844,Metrocoris
1061845,Telmatometroides
1061847,Potamometropsis
1061849,Amemboa
1061850,Tarsotrechus
1061851,Onychotrechus
1061852,Potamobates
1061854,Trepobatoides
1061856,Lathriobates
1061857,Lathriobatoides
1061858,Charmatometra
1061859,Platygerris
1061860,Celerobates
1061861,Ptilomerella
1061862,Archaeoptilomera
1061863,Andersenella
1061864,Ciliometra
1061865,Iobates
1061866,Metrobatoides
1061867,Metrobatopsis
1061868,Rheumatometra
1061869,Stygiobates
1061870,Floresiobates
1061871,Jucundus
1061872,Stridulobates
1061873,Calyptobates
1061874,Naboandelus
1061875,Hynesionella
1061876,Gnomobates
1061877,Pseudohalobates
1061878,Rheumatometroides
1061879,Stenobates
1061880,Stenobatopsis
1061881,Thetibates
1061882,Asclepios
1061883,Ventidius
1061884,Austrobates
1061891,Rhagadotarsus
1061892,Talaudia
1061894,Amemboides
1061895,Potamometroides
1061896,Heterobates
1061897,Potamometra
1061898,Eurymetra
1061899,Eurymetropsiella
1061900,Eurymetropsielloides
1061901,Eurymetropsis
1061905,Eobates
1061907,Succineogerris
1061910,Electrogerris
1061911,Brachymetroides
1061912,Electrobates
1061913,Lutetiabates
1061914,Cylindrobates
1061915,Palaeogerris
1061916,Telmatrechus
1061917,Cretogerris
1063765,Aesobia
1063766,Anommatelmis
1063767,Aspidelmis
1063768,Aulacosolus
1063769,Austrelmis
1063770,Austrolimnius
1063771,Cephalolimnius
1063772,Coxelmis
1063773,Ctenelmis
1063774,Cuspidevia
1063775,Disersus
1063776,Dryopomorphus
1063777,Dupophilus
1063778,Elachistelmis
1063779,Elmidolia
1063780,Elpidemis
1063781,Eonychius
1063782,Epodelmis
1063783,Esolus
1063784,Eumicrodinodes
1063785,Exolimnius
1063786,Graphelmis
1063787,Graphosolus
1063788,Grouvellinus
1063789,Gyrelmis
1063790,Haraldaria
1063791,Hedyselmis
1063792,Helminthocharis
1063793,Helminthopsis
1063794,Hexanchorus
1063795,Hintonelmis
1063796,Hispaniolara
1063797,Holcelmis
1063798,Homalosolus
1063799,Hydora
1063800,Hydrethus
1063801,Hypsilara
1063802,Ilamelmis
1063803,Indosolus
1063804,Jaechomorphus
1063805,Jilanzhunychus
1063806,Jolyelmis
1063807,Kingolus
1063808,Laorina
1063809,Lathridelmis
1063810,Leielmis
1063811,Lemalelmis
1063812,Leptelmis
1063813,Lobelmis
1063814,Loxostirus
1063815,Luchoelmis
1063816,Ludyella
1063817,Macronevia
1063818,Macronychoides
1063819,Microdinodes
1063820,Microlara
1063821,Neblinagena
1063822,Neolimnius
1063823,Neoriohelmis
1063824,Nesonychus
1063825,Nomuraelmis
1063826,Notelmis
1063827,Notriolus
1063828,Ohiya
1063829,Okalia
1063830,Omotonus
1063831,Onychelmis
1063832,Oolimnius
1063833,Orientelmis
1063834,Ovolara
1063835,Pachyelmis
1063836,Pagelmis
1063837,Paramacronychus
1063838,Parapotamophilus
1063839,Peloriolus
1063840,Phanoceroides
1063841,Pharceonus
1063842,Pilielmis
1063843,Podelmis
1063844,Podonychus
1063845,Portelmis
1063846,Potamocares
1063847,Potamodytes
1063848,Potamogethes
1063849,Potamolatres
1063850,Potamophilinus
1063851,Potamophilops
1063852,Potamophilus
1063853,Prionosolus
1063854,Pseudamophilus
1063855,Pseudancyronyx
1063856,Pseudelmidolia
1063857,Pseudodisersus
1063858,Pseudomacronychus
1063859,Rhopalonychus
1063860,Riolus
1063861,Roraima
1063862,Rudielmis
1063863,Sinelmis
1063864,Sinonychus
1063865,Sphragidelmis
1063866,Stegoelmis
1063867,Stenhelmoides
1063868,Stethelmis
1063869,Stetholus
1063870,Taprobanelmis
1063871,Tolmerelmis
1063872,Tolriolus
1063873,Trachelminthopsis
1063874,Tropidelmis
1063875,Tyletelmis
1063876,Unguisaeta
1063877,Urumaelmis
1063878,Vietelmis
1063879,Xenelmoides
1063880,Zaitzeviaria
1063885,Typhloelmis
1077103,Weberiella
1077104,Horvathinia
1077105,Kirkaldyia
1077106,Appasus
1077107,Diplonychus
1077109,Limnogeton
1077110,Hydrocyrius
1085195,Stenoclyptus
1085196,Theoborus
1085197,Dryocoetoides
1085198,Coptoborus
1085199,Cyclorhipidion
1085200,Cnestus
1085201,Anisandrus
1085202,Dactylotrypes
1085203,Dryoxylon
1085204,Ambrosiophilus
1085205,Hylurgus
1085206,Tomicus
1085207,Pseudips
1085208,Wallacellus
1085209,Loganius
1085210,Pachysquamus
1085595,Telmatotrephes
1085598,Laccotrephes
1085599,Cercotmetus
1085600,Borborophilus
1085601,Montonepa
1085602,Borborophyes
1085603,Paranepa
1085605,Nepella
1085606,Nepitella
1085607,Goondnomdanepa
1085608,Austronepa
1085959,Heteroplea
1086626,Nilsvelia
1086688,Paranisops
1086689,Enithares
1086690,Nychia
1086692,Aphelonecta
1086693,Neonychia
1086694,Enitharoides
1086695,Walambianisops
1088834,Stenocorixa
1088835,Heterocorixa
1088836,Ectemnostegella
1088837,Ectemnostega
1088838,Agraptocorixa
1088839,Neosigara
1088840,Orocorixa
1088841,Xenocorixa
1088842,Monticorixa
1088843,Heliocorisa
1088844,Paracorixa
1088845,Parasigara
1088846,Cnethocymatia
1088853,Diaprepocoris
1088854,Pseudoglaenocorisa
1088855,Krizousacorixa
1088856,Trichocorixella
1089618,Christometra
1089619,Spelaeometra
1089620,Cephalometra
1089624,Gallomesovelia
1089625,Glaesivelia
1089626,Iberovelia
1089634,Mogulones
1132455,Erinna
1132456,Galba
1132457,Archiphysa
1132458,Laurentiphysa
1132459,Hebetancylus
1132461,Rhodacmea
1132469,Floridobia
1132471,Ecrobia
1132472,Peringia
1132474,Idaholanx
1133538,Creaserinus
1133539,Faxonius
1133555,Lacunicambarus
1150391,Verrallina
1150392,Chagasia
1150394,Heizmannia
1150395,Eretmapodites
1150397,Tripteroides
1150400,Topomyia
1150401,Onirion
1150402,Aedeomyia
1150404,Lutzia
1150405,Zeugnomyia
1150408,Sabethes
1150417,Armigeres
1150428,Maorigoeldia
1150429,Udaya
1150434,Mimomyia
1150438,Hodgesia
1150453,Runchomyia
1150454,Opifex
1150456,Ficalbia
1150457,Bironella
1150459,Kimia
1150463,Isostomyia
1150464,Malaya
1150466,Shannoniana
1150474,Galindomyia
1156465,Capelatus
1156466,Belladessus
1156467,Incomptodessus
1156468,Petrodessus
1156469,Spanglerodessus
1156470,Amurodytes
1156471,Boreonectes
1156472,Etruscodytes
1156473,Psychopomporus
1156474,Brancuporus
1156475,Laccomimus
1156476,Caperhantus
1156477,Meridiorhantus
1156478,Nartus
1156479,Rompindessus
1156480,Tassilodytes
1156481,Novadessus
1156482,Clemnius
1156483,Zimpherus
1156485,Nectoboreus
1156486,Mystonectes
1156487,Clarkhydrus
1156488,Hornectes
1156489,Iberonectes
1156490,Larsonectes
1156491,Leconectes
1156492,Nectomimus
1156493,Zaitzevhydrus
1156494,Nectoporus
1156495,Neonectes
1156496,Laodytes
1156497,Hamadiana
1157617,Ankonophallus
1157618,Inflata
1157619,Sclerotia
1157620,Triangulara
1157621,Flabellopalpodes
1157622,Protoluciola
1157623,Luciuranus
1157626,Araucariocladus
1157627,Aorphallus
1157629,Kuantana
1157630,Serratia
1157631,Uanauna
1157632,Chespirito
1157633,Crassitarsus
1157634,Paraphotinus
1157635,Pyractomena
1157636,Emarginoptyx
1157637,Dadophora
1157638,Costalampys
1221421,Phalilus
1222072,Neohydrocoptus
1222073,Liocanthydrus
1222074,Noterus
1222075,Renotus
1222077,Synchortus
1222078,Tonerus
1222079,Speonoterus
1222080,Canthysellus
1222081,Jolyssellus
1222082,Llanoterus
1222083,Shepardhydras
1222085,Prionohydrus
1222086,Bicarinaus
1222087,Polylobata
1222088,Aponwaopterus
1222089,Suretonorpus
1222090,Sternocanthus
